RestaurantID,Name,Category,PriceTier,Neighborhood,OpeningTime,ClosingTime,AverageRating,GoodForKids
1,Hilpert-Haag,Mediterranean,expensive,Bushwick,10:17,14:28,0.08,0
2,"Ernser, Wisoky and O'Connell",Thai,medium,Williamsburg,10:30,17:21,3.4,0
3,Considine-Abernathy,Chinese,expensive,Harlem,9:02,15:41,1.74,0
4,DuBuque and Sons,Greek,cheap,Park Slope,11:29,14:37,2.81,1
5,"Harvey, Swaniawski and Considine",French,medium,Astoria,10:01,16:04,3.3,0
6,Doyle Group,Mexican,cheap,Astoria,11:00,15:05,4.09,0
7,Hoeger Inc,Japanese,medium,Astoria,10:21,14:19,1.01,0
8,Friesen-Wilderman,French,expensive,Harlem,10:25,18:40,3.87,0
9,Schuster and Sons,French,cheap,Williamsburg,10:33,19:14,0.41,0
10,Orn-Renner,Thai,cheap,Bushwick,8:46,22:18,2.26,0
11,Deckow-Schulist,American,cheap,Brooklyn,10:25,15:00,1.31,1
12,"Schroeder, Turcotte and Hickle",Japanese,expensive,Upper East Side,10:42,23:35,4.49,1
13,Mitchell-Harvey,Indian,medium,Williamsburg,9:59,14:14,4.74,1
14,Mitchell and Sons,Chinese,expensive,Hell's Kitchen,10:42,22:50,0.0,1
15,"Sipes, Schaden and Carroll",Japanese,medium,Bushwick,9:53,16:46,1.75,1
16,Price Inc,French,medium,Chelsea,10:11,23:47,2.08,1
17,Waelchi-Carter,Italian,cheap,Hell's Kitchen,7:05,18:21,3.92,0
18,Keebler-Halvorson,Italian,cheap,Bushwick,6:02,20:38,4.97,1
19,"Klein, Nolan and Jacobs",Italian,medium,Brooklyn,9:25,14:24,3.55,0
20,Waelchi-Connelly,Indian,expensive,Brooklyn,11:50,20:46,2.89,1
21,Langosh Group,Mexican,expensive,Hell's Kitchen,7:43,15:48,1.54,0
22,Daugherty Inc,American,expensive,Upper East Side,6:35,19:45,4.54,1
23,Cronin and Sons,Mexican,cheap,Brooklyn,7:22,18:01,3.85,0
24,Lang Group,American,medium,Harlem,7:17,21:21,1.03,1
25,Kutch-Tillman,Thai,medium,Astoria,11:39,18:27,2.83,1
26,"Trantow, McGlynn and Kuvalis",Indian,cheap,Upper East Side,6:47,23:11,4.85,1
27,Wilkinson-O'Kon,American,expensive,Astoria,10:51,19:56,0.68,1
28,"Deckow, Pfeffer and Hackett",Japanese,expensive,Greenpoint,9:55,18:57,4.65,1
29,"Cruickshank, Thompson and Reichel",French,cheap,Chelsea,9:36,23:49,4.21,0
30,Keebler-Feil,Chinese,expensive,Hell's Kitchen,10:38,18:50,2.03,0
31,Heller Group,Mediterranean,expensive,Park Slope,7:13,15:06,3.85,0
32,Beatty-Beer,American,medium,Astoria,11:31,21:51,2.89,1
33,"Turner, Armstrong and Fay",Indian,expensive,Harlem,11:53,15:29,1.07,1
34,Brekke-Gulgowski,Mexican,cheap,Astoria,11:40,22:42,3.2,1
35,Stokes and Sons,Greek,cheap,Greenpoint,6:59,20:29,3.47,1
36,Hammes-Denesik,Mediterranean,medium,Upper East Side,9:13,21:03,0.17,1
37,Orn Inc,Mexican,medium,Chelsea,11:27,21:14,3.0,1
38,Hintz-Strosin,Japanese,medium,Brooklyn,11:36,15:41,0.44,1
39,Klocko-Murazik,Mexican,expensive,Harlem,11:16,21:16,0.52,1
40,Weber LLC,Japanese,cheap,Williamsburg,10:30,16:07,1.1,1
41,Altenwerth-Dickinson,American,expensive,Harlem,11:28,16:49,2.44,1
42,Leffler Group,Mediterranean,expensive,Hell's Kitchen,6:21,21:41,2.2,0
43,"Block, Mitchell and Schaefer",Greek,medium,Greenpoint,11:49,21:21,0.73,1
44,"Wisozk, Moen and Luettgen",American,medium,Greenpoint,7:13,23:26,3.9,1
45,Baumbach-Kilback,Chinese,medium,Bushwick,7:27,22:22,3.59,0
46,Heathcote-Emard,American,expensive,Greenpoint,8:36,19:39,0.42,0
47,Waelchi-Schaden,Mexican,expensive,Brooklyn,7:01,14:18,0.12,1
48,Gusikowski-Grimes,French,expensive,Harlem,9:01,14:06,0.44,0
49,"Schulist, Predovic and Cummings",Mexican,expensive,Upper East Side,9:29,18:10,3.23,1
50,Reinger and Sons,Indian,expensive,Brooklyn,11:51,16:12,2.12,0
51,Sawayn and Sons,French,cheap,Bushwick,7:07,17:57,0.45,1
52,King-Schroeder,Japanese,expensive,Williamsburg,6:40,23:29,3.03,1
53,Schmeler-Mayert,Japanese,cheap,Hell's Kitchen,9:39,14:46,1.74,0
54,"Metz, Kozey and Vandervort",Thai,expensive,Upper East Side,6:13,20:59,4.66,1
55,Daugherty-Breitenberg,Mexican,cheap,Bushwick,11:53,20:21,3.36,0
56,Johns and Sons,Chinese,expensive,Williamsburg,6:40,16:15,2.1,1
57,Cormier and Sons,Mexican,cheap,Bushwick,8:55,17:42,0.54,0
58,Rice-Donnelly,Mediterranean,medium,Greenpoint,6:58,19:30,3.21,0
59,Schuster-Schamberger,Thai,expensive,Astoria,9:18,21:29,3.14,0
60,"Upton, Schamberger and Yost",Greek,medium,Williamsburg,6:57,20:55,1.38,1
61,"Ryan, Hilll and Fay",American,expensive,Greenpoint,10:30,17:23,3.51,0
62,Ratke Inc,Chinese,cheap,Astoria,11:19,17:02,2.47,1
63,"Kulas, Schoen and Lind",Thai,expensive,Hell's Kitchen,9:46,21:35,1.16,1
64,"Langworth, O'Connell and Feil",American,expensive,Hell's Kitchen,6:47,16:11,4.41,0
65,Zulauf-Dooley,American,medium,Upper East Side,9:42,20:39,4.31,1
66,McKenzie Inc,Mexican,medium,Brooklyn,7:46,14:42,1.45,1
67,"Mertz, Cole and Walter",Mexican,medium,Upper East Side,9:15,22:01,2.85,0
68,Deckow and Sons,American,cheap,Hell's Kitchen,8:53,18:38,1.76,0
69,Tremblay and Sons,American,cheap,Bushwick,7:40,20:25,0.87,0
70,"Lueilwitz, O'Conner and Shanahan",Chinese,medium,Hell's Kitchen,10:43,21:09,3.52,0
71,"Lang, Runte and Runte",French,cheap,Greenpoint,6:29,20:48,1.53,0
72,"Spencer, Johnston and Bradtke",Mexican,expensive,Park Slope,7:32,15:32,0.47,1
73,"Waters, Yost and Marquardt",Japanese,cheap,Greenpoint,11:50,23:55,2.35,1
74,Langosh-Hettinger,Mediterranean,medium,Chelsea,9:18,19:06,1.26,1
75,Wehner and Sons,Mediterranean,expensive,Harlem,10:02,21:27,3.39,0
76,Champlin Inc,American,expensive,Brooklyn,6:43,16:03,3.39,1
77,"Glover, Morissette and Price",Japanese,cheap,Hell's Kitchen,9:57,22:18,4.39,0
78,Schaefer-Schmeler,Italian,medium,Harlem,9:05,19:13,1.94,0
79,Boehm-Kemmer,Japanese,cheap,Upper East Side,11:41,20:34,2.23,1
80,Pagac-Farrell,American,medium,Astoria,8:00,16:46,0.75,0
81,Trantow Group,Italian,cheap,Bushwick,7:37,22:26,0.34,1
82,Torphy-Parisian,French,medium,Park Slope,6:32,19:18,2.21,1
83,"Hyatt, O'Hara and MacGyver",American,expensive,Greenpoint,9:01,20:44,1.05,1
84,Stiedemann-Hamill,Mediterranean,cheap,Harlem,9:30,16:45,1.36,0
85,Fahey Inc,American,medium,Chelsea,11:02,18:04,4.93,0
86,Ruecker Inc,Mediterranean,expensive,Hell's Kitchen,8:02,19:50,0.48,1
87,Veum and Sons,Indian,expensive,Brooklyn,8:11,20:17,3.61,0
88,Flatley-Dickens,Greek,expensive,Upper East Side,10:06,21:09,1.35,1
89,Deckow Group,Mexican,medium,Brooklyn,7:26,16:05,0.75,1
90,"Vandervort, Skiles and Heidenreich",Mediterranean,cheap,Hell's Kitchen,6:17,18:22,2.61,0
91,Schaden-Brown,French,medium,Brooklyn,9:09,21:57,3.01,1
92,"Beahan, Weissnat and Erdman",Japanese,cheap,Brooklyn,10:43,22:00,0.84,1
93,Mosciski Inc,Mediterranean,medium,Williamsburg,9:39,17:44,2.06,0
94,Conn-Bradtke,Indian,expensive,Greenpoint,10:26,17:55,2.81,1
95,Volkman Inc,American,medium,Astoria,8:51,16:54,0.49,1
96,Schmidt-Donnelly,Indian,cheap,Astoria,10:38,15:54,0.46,0
97,"Dare, Labadie and Kulas",Indian,medium,Williamsburg,7:24,14:53,0.6,0
98,Witting-Farrell,Greek,medium,Hell's Kitchen,8:16,21:19,4.83,0
99,Toy Inc,Italian,cheap,Greenpoint,7:41,21:43,1.52,1
100,"Smitham, Cole and Smitham",Indian,expensive,Bushwick,9:44,23:37,3.24,0
101,"Simonis, Wiegand and Gottlieb",Greek,medium,Park Slope,8:03,22:11,1.22,0
102,Lebsack-Stanton,Italian,cheap,Hell's Kitchen,6:25,16:57,3.77,1
103,Herzog-Yundt,Japanese,expensive,Chelsea,10:49,20:44,2.5,1
104,"Schamberger, Yost and Zulauf",American,medium,Chelsea,11:10,14:45,4.9,1
105,"Sanford, Bailey and Thompson",Thai,cheap,Greenpoint,11:25,21:20,2.72,0
106,Hane-Nikolaus,Indian,expensive,Harlem,8:09,16:14,2.71,1
107,Herzog-Ebert,Japanese,cheap,Chelsea,8:35,20:16,1.43,0
108,Moen-Harris,Mediterranean,medium,Upper East Side,6:52,19:36,2.14,0
109,Torphy-Hodkiewicz,Thai,cheap,Chelsea,9:31,14:24,4.84,0
110,Bradtke-Cole,French,medium,Upper East Side,7:40,18:47,2.35,1
111,Auer-O'Keefe,Italian,medium,Greenpoint,6:13,18:17,1.7,1
112,Metz Group,Greek,expensive,Bushwick,9:39,15:17,1.67,1
113,Funk-Kilback,Japanese,expensive,Upper East Side,6:18,22:36,4.85,1
114,Baumbach-Carroll,Greek,medium,Hell's Kitchen,9:27,17:09,3.99,1
115,Runolfsdottir-Kutch,Greek,expensive,Harlem,9:27,23:47,1.55,0
116,"Gutmann, Mueller and Cronin",Thai,medium,Greenpoint,6:11,18:05,3.19,0
117,Daniel and Sons,Thai,expensive,Bushwick,7:07,14:45,3.18,1
118,"Kulas, Schoen and Baumbach",Italian,expensive,Chelsea,6:36,22:45,3.77,0
119,Funk-Boyer,Japanese,expensive,Astoria,10:27,19:38,2.42,0
120,Bernier-Bernhard,Mexican,expensive,Upper East Side,10:50,19:52,0.51,0
121,"Rempel, Pacocha and Zemlak",Mexican,expensive,Brooklyn,6:42,16:25,1.08,0
122,"McClure, Moore and Terry",Indian,expensive,Harlem,11:21,18:24,1.92,0
123,"Moore, Parisian and Parker",Greek,expensive,Chelsea,8:41,14:27,4.33,0
124,"Rice, Bergnaum and Simonis",French,cheap,Hell's Kitchen,10:30,16:57,3.63,0
125,"Robel, Conroy and Ernser",Greek,medium,Bushwick,6:40,19:05,4.35,0
126,McKenzie Inc,French,cheap,Williamsburg,7:44,16:39,0.25,0
127,Kuhn Group,American,cheap,Greenpoint,10:51,15:43,3.79,0
128,Olson-Bechtelar,Italian,cheap,Astoria,7:57,15:20,4.77,0
129,Legros-Balistreri,Japanese,cheap,Harlem,8:33,15:36,2.81,0
130,Anderson Group,Indian,medium,Bushwick,6:09,16:07,3.3,0
131,Graham-Dooley,Indian,cheap,Astoria,10:37,19:51,2.67,0
132,Johns-Pfeffer,Mediterranean,cheap,Bushwick,9:00,15:03,1.43,1
133,Goldner Inc,Mediterranean,medium,Park Slope,9:32,21:49,4.22,0
134,"Terry, Johnson and Hermann",French,expensive,Greenpoint,6:21,22:38,0.07,0
135,Thiel Group,Indian,expensive,Hell's Kitchen,7:32,21:02,2.01,0
136,"Berge, Pouros and Harris",French,medium,Williamsburg,9:02,19:09,3.74,0
137,Pacocha-Boyer,Greek,cheap,Chelsea,6:14,17:20,2.04,0
138,Frami and Sons,Japanese,expensive,Harlem,9:20,21:59,1.71,0
139,Sipes and Sons,Mexican,medium,Chelsea,9:39,16:36,4.41,0
140,"Hirthe, Runolfsdottir and Howe",Japanese,cheap,Astoria,6:28,23:18,0.38,0
141,Shanahan LLC,French,cheap,Harlem,8:46,20:07,2.87,1
142,Rolfson-Breitenberg,American,medium,Greenpoint,11:55,16:56,1.3,0
143,Renner Inc,American,cheap,Williamsburg,6:52,19:06,2.22,0
144,Von-Schulist,French,expensive,Brooklyn,6:16,14:28,2.34,1
145,Mertz-Boehm,French,expensive,Harlem,10:34,14:55,4.79,1
146,"Veum, Ziemann and Stamm",Chinese,expensive,Hell's Kitchen,6:15,16:30,2.02,0
147,Collins-Koss,Thai,medium,Greenpoint,9:04,21:49,2.3,0
148,"Crist, Collins and Wiza",Japanese,cheap,Harlem,9:46,20:10,0.23,0
149,Prosacco-Kshlerin,Chinese,medium,Harlem,6:10,23:53,2.36,0
150,Walker-Shanahan,American,medium,Bushwick,6:48,23:20,2.78,1
151,"Bogan, Pollich and Hegmann",American,expensive,Chelsea,6:20,23:19,2.44,1
152,Zemlak-Schinner,Thai,expensive,Brooklyn,7:01,22:33,4.51,0
153,"Heaney, Ankunding and Auer",Greek,expensive,Brooklyn,6:07,14:04,4.32,1
154,Larkin Group,Indian,medium,Harlem,11:41,16:49,3.62,0
155,"Jaskolski, Olson and Weissnat",Chinese,cheap,Brooklyn,6:35,18:23,4.92,0
156,"Braun, Swaniawski and Stanton",Greek,medium,Astoria,9:20,16:45,3.27,1
157,Douglas Inc,Chinese,medium,Astoria,7:17,20:47,2.12,1
158,Nader Group,Mexican,expensive,Astoria,10:18,21:02,0.44,1
159,"Veum, Kshlerin and Lang",Thai,expensive,Greenpoint,11:09,22:25,0.98,1
160,Ledner-Borer,Mexican,cheap,Greenpoint,7:13,23:31,4.84,1
161,Stark Group,French,expensive,Astoria,6:27,14:54,0.05,1
162,Huels-Fadel,Mediterranean,medium,Bushwick,8:40,15:03,2.75,0
163,"O'Kon, Rodriguez and Medhurst",Japanese,medium,Upper East Side,6:54,23:52,0.81,1
164,"Hagenes, Daniel and Larson",Thai,medium,Brooklyn,7:20,22:29,0.36,1
165,Bruen Inc,Japanese,medium,Williamsburg,10:25,22:25,2.96,0
166,Howe-Schroeder,Greek,cheap,Upper East Side,9:38,22:55,1.25,0
167,Terry-Rogahn,Italian,medium,Upper East Side,6:38,19:56,3.25,0
168,Murazik-Daniel,Chinese,expensive,Harlem,9:02,21:11,0.92,0
169,Bernier LLC,Japanese,medium,Astoria,10:17,19:58,1.6,1
170,Bins-Hilpert,Italian,cheap,Park Slope,11:02,20:16,3.89,0
171,Graham LLC,Indian,expensive,Williamsburg,6:04,23:42,2.42,0
172,"Tromp, Ernser and O'Hara",Mexican,cheap,Upper East Side,6:25,23:06,0.03,1
173,Wisozk-Mosciski,Greek,expensive,Park Slope,9:04,14:57,2.32,1
174,Larkin-Schneider,Thai,expensive,Harlem,7:47,16:03,2.6,1
175,"Lueilwitz, Walsh and Schulist",Italian,medium,Astoria,7:12,19:50,1.6,1
176,"Berge, Yundt and Labadie",French,cheap,Harlem,6:02,18:24,3.05,1
177,"Hickle, Hegmann and Sipes",Italian,medium,Upper East Side,9:11,17:02,0.32,1
178,"Davis, Bode and Waelchi",Indian,medium,Park Slope,10:54,15:33,3.87,0
179,"Kreiger, Pacocha and Hills",Thai,expensive,Chelsea,7:39,18:10,1.49,1
180,Schimmel Inc,Indian,medium,Astoria,9:02,15:31,4.63,1
181,"Willms, Balistreri and Wolff",Indian,expensive,Hell's Kitchen,6:42,18:12,4.86,0
182,Denesik-Corkery,French,medium,Bushwick,9:58,19:39,3.87,0
183,Jones-Ernser,Thai,medium,Bushwick,9:28,17:57,3.37,1
184,"Kihn, Abbott and Feil",Indian,expensive,Greenpoint,7:34,16:19,3.57,0
185,"Mann, Huels and Hansen",Italian,cheap,Bushwick,7:32,16:01,0.67,0
186,Lind Group,Chinese,expensive,Brooklyn,7:20,17:40,3.28,1
187,Gusikowski-Johns,Greek,cheap,Brooklyn,11:01,17:23,4.37,1
188,"Borer, Abernathy and Kuhn",American,expensive,Astoria,9:29,15:23,3.99,1
189,"Ferry, Gibson and D'Amore",French,medium,Hell's Kitchen,9:13,19:29,4.42,0
190,Oberbrunner Group,Mexican,expensive,Greenpoint,7:45,23:13,1.59,0
191,Kunze-Kerluke,Thai,cheap,Chelsea,6:12,14:32,2.52,0
192,Wolff and Sons,Mexican,expensive,Greenpoint,11:24,16:18,3.85,1
193,"Doyle, Nikolaus and Little",Japanese,cheap,Park Slope,7:54,21:07,1.0,1
194,Borer-Terry,Japanese,medium,Upper East Side,9:56,14:37,4.21,0
195,McCullough Group,French,medium,Upper East Side,10:09,18:36,1.12,1
196,Kihn-Jerde,Italian,cheap,Greenpoint,6:07,17:19,2.01,0
197,Walter LLC,Thai,medium,Park Slope,6:14,18:44,0.82,0
198,Raynor and Sons,Greek,medium,Upper East Side,7:15,22:49,2.37,1
199,Little Inc,Chinese,cheap,Park Slope,9:28,14:23,2.5,0
200,"Kuhlman, Gorczany and Mills",French,cheap,Bushwick,6:56,16:11,0.0,0
201,"Mohr, Boyle and Ankunding",Mediterranean,cheap,Hell's Kitchen,10:51,16:43,0.9,1
202,"Parisian, Waelchi and Tillman",American,expensive,Bushwick,10:35,17:31,3.89,1
203,Bogisich-Hirthe,Mexican,expensive,Harlem,6:07,15:52,0.96,0
204,Lubowitz Inc,Thai,expensive,Harlem,9:23,15:18,1.0,1
205,Ortiz LLC,Greek,medium,Bushwick,7:48,14:06,1.9,0
206,"Grant, Gusikowski and Zboncak",American,expensive,Chelsea,11:01,20:22,1.23,1
207,Bailey and Sons,French,expensive,Williamsburg,6:24,15:47,1.3,1
208,Stracke Group,Mexican,cheap,Bushwick,8:28,23:11,3.18,1
209,"Bernhard, Schroeder and Langosh",American,expensive,Brooklyn,9:16,21:37,3.74,0
210,"Rogahn, Durgan and Roob",Thai,expensive,Upper East Side,6:50,19:38,4.96,1
211,Willms-Davis,Mexican,medium,Astoria,9:40,16:48,0.0,0
212,Franecki Inc,Mexican,expensive,Park Slope,8:19,22:11,1.85,0
213,Gerhold-Ferry,Italian,expensive,Chelsea,8:37,23:53,1.27,1
214,"Jacobson, Armstrong and Mitchell",Japanese,expensive,Harlem,6:49,19:45,4.78,0
215,"Corkery, Schmeler and Steuber",Italian,medium,Hell's Kitchen,8:18,14:28,3.05,1
216,"Dooley, Ferry and Kassulke",Thai,cheap,Harlem,8:44,17:20,4.02,0
217,"Cummings, Hilpert and Konopelski",Mexican,expensive,Hell's Kitchen,7:30,18:44,4.26,1
218,Bednar Group,Greek,expensive,Hell's Kitchen,6:31,17:55,3.77,0
219,Stiedemann LLC,American,cheap,Brooklyn,8:21,17:58,4.51,1
220,Kozey Group,Mediterranean,cheap,Upper East Side,8:05,14:31,3.84,1
221,Johnson Inc,Greek,medium,Astoria,11:53,14:05,2.8,1
222,Lowe LLC,Mexican,cheap,Williamsburg,7:01,17:55,0.2,0
223,Wolf-Ryan,Italian,expensive,Park Slope,8:27,19:33,1.64,1
224,Koepp-O'Conner,Mexican,expensive,Chelsea,11:15,16:06,4.32,1
225,Pacocha-Ziemann,Italian,cheap,Brooklyn,6:15,14:49,3.59,1
226,"Kirlin, Schultz and Bosco",French,expensive,Hell's Kitchen,7:17,19:56,0.25,1
227,Dietrich Inc,Japanese,expensive,Chelsea,11:10,14:53,2.63,0
228,Mante Group,Mediterranean,cheap,Brooklyn,11:42,19:48,0.38,1
229,Friesen and Sons,Chinese,expensive,Upper East Side,10:32,23:15,2.1,0
230,"Schamberger, Moen and McKenzie",Thai,expensive,Park Slope,9:29,23:00,2.48,0
231,"Harber, Feest and Leannon",Thai,cheap,Greenpoint,9:26,15:53,1.7,1
232,Beatty Inc,Mediterranean,medium,Astoria,11:34,19:07,2.73,0
233,"Rau, Torphy and Oberbrunner",Japanese,cheap,Astoria,10:39,15:29,0.18,0
234,"Schaefer, Beer and Beatty",Greek,expensive,Chelsea,7:56,17:08,4.54,0
235,Shields and Sons,French,expensive,Bushwick,7:21,20:50,3.73,0
236,"Nitzsche, Lueilwitz and Johnson",Italian,cheap,Hell's Kitchen,6:31,16:45,2.45,0
237,Labadie-Jast,French,expensive,Hell's Kitchen,7:59,16:28,1.16,1
238,Brakus Group,Thai,expensive,Astoria,9:26,16:46,1.85,0
239,Schinner Group,Chinese,cheap,Astoria,6:08,23:05,1.9,1
240,Wisozk LLC,Japanese,cheap,Williamsburg,7:27,16:23,1.8,0
241,"Howe, Miller and Moore",Indian,expensive,Greenpoint,6:09,22:13,4.6,1
242,"Padberg, Krajcik and Beier",Italian,medium,Brooklyn,10:12,23:22,0.49,1
243,"Kihn, Waelchi and Kling",Indian,cheap,Astoria,7:38,18:49,2.34,0
244,Hettinger and Sons,Japanese,expensive,Upper East Side,6:18,19:59,2.81,1
245,"Streich, Langworth and Wuckert",American,expensive,Upper East Side,9:08,14:00,3.85,1
246,Schimmel-McGlynn,Mexican,expensive,Astoria,7:22,20:24,4.09,1
247,"Mohr, D'Amore and Hansen",Indian,medium,Greenpoint,6:23,21:12,3.6,1
248,Gerhold-Ernser,Thai,cheap,Williamsburg,7:46,17:42,2.72,0
249,"Schimmel, Hermiston and Tillman",French,cheap,Astoria,8:39,20:37,4.61,1
250,Fritsch Inc,Indian,cheap,Brooklyn,7:18,15:10,4.67,1
251,Leuschke-Maggio,Thai,expensive,Williamsburg,8:58,17:11,1.66,1
252,Halvorson-Thiel,Mediterranean,cheap,Hell's Kitchen,6:03,23:30,0.25,0
253,"Green, Aufderhar and Torp",Thai,cheap,Park Slope,10:33,20:56,2.61,0
254,"Shanahan, Reichel and Toy",Italian,medium,Williamsburg,7:10,23:15,4.62,1
255,Hirthe Group,Japanese,cheap,Upper East Side,7:40,17:36,1.71,1
256,"Zieme, Rolfson and Welch",Chinese,medium,Bushwick,7:49,17:21,2.63,0
257,Kling-Willms,Mexican,cheap,Bushwick,8:19,14:56,4.57,0
258,Conroy Inc,Greek,medium,Williamsburg,10:24,20:32,1.12,0
259,"Kuhic, Dibbert and Emard",Italian,expensive,Astoria,11:42,16:55,4.9,0
260,"Crooks, McCullough and Ferry",Italian,medium,Hell's Kitchen,11:54,23:54,1.91,1
261,"Weissnat, Dicki and Torphy",Italian,medium,Brooklyn,10:11,19:02,3.78,0
262,Feil-Gutmann,Japanese,expensive,Brooklyn,11:45,17:37,0.14,0
263,"Lakin, Lockman and D'Amore",Mediterranean,cheap,Williamsburg,7:43,20:09,3.96,0
264,"Swaniawski, Gerhold and Lang",Thai,medium,Hell's Kitchen,8:58,16:31,2.52,1
265,"Bernhard, Leannon and Aufderhar",Chinese,medium,Hell's Kitchen,9:54,23:32,3.3,1
266,Hand and Sons,Mexican,cheap,Astoria,10:13,15:02,3.39,1
267,Kirlin-Barrows,Mediterranean,cheap,Brooklyn,7:20,20:51,2.22,1
268,Carter Group,Italian,expensive,Hell's Kitchen,7:23,17:51,1.32,0
269,"McDermott, Treutel and DuBuque",Mediterranean,expensive,Harlem,7:33,23:21,3.6,0
270,Huel Group,American,cheap,Upper East Side,11:45,23:10,0.92,0
271,Greenfelder Group,Mediterranean,expensive,Brooklyn,6:39,17:59,0.32,1
272,"Halvorson, Dickens and Fritsch",Greek,medium,Harlem,6:05,18:21,3.38,1
273,Kilback and Sons,Greek,cheap,Chelsea,7:43,21:58,1.18,1
274,Abbott-Bins,Chinese,expensive,Williamsburg,8:32,15:04,0.43,1
275,Walker-Shanahan,Italian,medium,Greenpoint,6:53,19:10,3.52,0
276,"Bode, Barrows and Boehm",Mexican,medium,Chelsea,8:19,19:11,3.72,1
277,"Kunze, Marks and Ryan",French,expensive,Hell's Kitchen,9:33,20:56,4.93,0
278,"Schneider, Cremin and Huel",American,cheap,Bushwick,11:00,17:06,4.52,0
279,Hodkiewicz Group,Italian,cheap,Astoria,6:39,19:54,1.19,0
280,"Gerlach, Stiedemann and Mosciski",American,expensive,Harlem,8:40,20:56,1.63,1
281,"Welch, Abernathy and Fahey",Mexican,cheap,Astoria,11:53,16:25,4.36,1
282,Dare and Sons,Mediterranean,medium,Williamsburg,10:28,23:09,3.13,1
283,Kuvalis and Sons,Chinese,cheap,Williamsburg,11:43,21:00,4.05,0
284,"Murray, Stark and Emard",American,cheap,Upper East Side,9:57,14:36,1.85,0
285,Hermann LLC,American,medium,Brooklyn,11:22,18:05,0.49,0
286,Quigley Group,Indian,cheap,Hell's Kitchen,11:47,14:24,3.76,0
287,"Kunze, O'Kon and Dickinson",Mexican,cheap,Greenpoint,11:48,16:37,0.33,0
288,Kautzer-Lindgren,Thai,medium,Greenpoint,9:46,15:50,2.78,0
289,"Beier, Keebler and Hettinger",Mexican,medium,Brooklyn,6:02,22:40,0.14,1
290,Hackett-Rogahn,Mexican,cheap,Greenpoint,7:13,23:35,0.72,1
291,Stanton-Jones,Chinese,cheap,Hell's Kitchen,9:28,21:17,1.37,0
292,"Cruickshank, Hand and Prosacco",Thai,medium,Hell's Kitchen,11:58,22:13,2.48,0
293,Morar Inc,Mexican,medium,Astoria,10:19,23:55,1.54,1
294,Ortiz Inc,Greek,expensive,Harlem,7:51,20:59,0.45,0
295,"Mosciski, Mante and Wiegand",Chinese,expensive,Park Slope,6:53,16:55,4.6,0
296,Medhurst-Corkery,Mexican,expensive,Hell's Kitchen,9:56,17:32,0.49,0
297,"Bode, Kozey and Green",Mexican,expensive,Harlem,10:38,16:06,2.6,0
298,"Kuvalis, Farrell and Hodkiewicz",Thai,medium,Harlem,7:21,17:32,2.51,0
299,Koelpin Group,Mexican,expensive,Harlem,10:57,18:48,3.73,1
300,"Sauer, D'Amore and Adams",Mediterranean,expensive,Greenpoint,8:31,19:56,0.95,1
301,Roberts Inc,Thai,cheap,Williamsburg,10:55,23:42,0.72,1
302,Rau-Fay,Indian,expensive,Bushwick,6:27,19:59,3.53,1
303,Maggio LLC,Mediterranean,expensive,Brooklyn,7:08,23:23,1.16,0
304,Roberts Inc,Mediterranean,cheap,Park Slope,8:36,21:01,1.01,1
305,Hagenes-Runte,American,medium,Chelsea,8:32,18:34,3.1,1
306,"Stehr, Flatley and Lubowitz",Chinese,medium,Bushwick,9:46,22:42,0.08,0
307,Haag-Pfeffer,Italian,medium,Brooklyn,9:33,19:44,0.82,0
308,"Carroll, Crooks and Ondricka",Italian,cheap,Williamsburg,9:01,14:12,4.6,1
309,"Schmidt, Koepp and Jacobson",Japanese,medium,Harlem,10:43,20:23,4.77,0
310,O'Keefe Group,Japanese,medium,Upper East Side,11:34,23:30,3.42,1
311,Reichel LLC,Greek,cheap,Park Slope,8:28,14:58,4.25,0
312,"Rau, Franecki and Bernier",Chinese,medium,Greenpoint,6:51,16:18,4.55,1
313,Wyman-Schumm,Thai,expensive,Williamsburg,11:32,15:27,2.96,1
314,"Nader, Hettinger and Ortiz",American,cheap,Hell's Kitchen,6:01,14:17,0.2,0
315,Jacobi LLC,Mexican,cheap,Hell's Kitchen,10:19,14:17,0.8,0
316,"Ullrich, Volkman and Gulgowski",Italian,expensive,Bushwick,7:09,20:52,0.03,1
317,Corwin-Durgan,Mediterranean,expensive,Harlem,7:55,14:16,4.41,0
318,Vandervort-Jones,American,expensive,Park Slope,8:38,19:20,0.23,1
319,"Reynolds, Mitchell and Weber",Chinese,expensive,Upper East Side,10:44,17:41,2.75,1
320,"Gottlieb, Koelpin and Carroll",Japanese,medium,Hell's Kitchen,6:14,23:20,2.51,1
321,"Klocko, Barrows and O'Conner",Japanese,cheap,Hell's Kitchen,8:42,14:43,1.58,1
322,Homenick-Frami,Mexican,expensive,Greenpoint,7:08,18:55,3.11,0
323,"Shields, Bosco and Runolfsson",Mexican,cheap,Astoria,7:01,18:24,0.45,1
324,Conn-Kub,Mediterranean,cheap,Park Slope,11:44,22:52,0.49,0
325,Kovacek and Sons,Mediterranean,expensive,Greenpoint,9:55,20:47,1.74,0
326,Hoeger-Herzog,Chinese,cheap,Park Slope,8:14,14:41,0.05,0
327,Tillman-Rutherford,Mexican,expensive,Williamsburg,9:31,22:22,1.22,1
328,Cummerata-Denesik,Indian,expensive,Williamsburg,9:52,15:26,4.0,1
329,"Fritsch, Cummings and Predovic",Japanese,expensive,Brooklyn,9:24,16:17,1.12,0
330,O'Hara Inc,American,medium,Upper East Side,6:14,21:57,4.44,1
331,Sporer LLC,Mexican,expensive,Astoria,7:40,19:53,3.43,0
332,Hahn-Hackett,Mediterranean,medium,Greenpoint,10:29,23:41,2.21,1
333,Weissnat Group,Thai,expensive,Brooklyn,10:43,15:57,4.06,1
334,Mertz-Hammes,Indian,expensive,Williamsburg,10:01,18:44,3.17,1
335,Moen LLC,French,expensive,Park Slope,6:53,22:43,4.9,1
336,Ullrich-Stroman,Greek,cheap,Upper East Side,9:29,23:29,4.27,1
337,Balistreri Group,American,medium,Brooklyn,9:04,15:36,1.12,0
338,Jast Group,Thai,medium,Park Slope,11:45,19:15,4.73,0
339,Grant-Nicolas,Mediterranean,medium,Astoria,6:48,14:13,1.96,0
340,Wiza-Gleichner,Thai,medium,Astoria,8:56,19:07,2.07,0
341,Bernier-Mills,Indian,expensive,Harlem,8:17,20:39,2.3,0
342,Rowe Inc,Japanese,cheap,Park Slope,6:00,21:09,4.16,0
343,Kunze and Sons,Mexican,medium,Hell's Kitchen,10:12,14:01,4.2,1
344,"Batz, Pagac and Deckow",Mexican,cheap,Williamsburg,11:22,18:43,3.49,1
345,McClure LLC,Indian,medium,Park Slope,9:28,19:53,1.51,1
346,"Greenfelder, Cartwright and Harvey",Greek,cheap,Astoria,10:27,23:06,4.18,1
347,Langworth-Bogan,Italian,medium,Park Slope,11:50,23:55,1.49,0
348,Murazik LLC,Mexican,expensive,Brooklyn,8:41,15:01,4.79,1
349,Kuphal-Parker,Japanese,cheap,Williamsburg,10:54,17:41,3.32,1
350,Simonis-Feest,Mexican,cheap,Harlem,9:11,21:20,0.27,1
351,Herman-Feest,American,medium,Bushwick,11:04,22:29,3.31,1
352,Cruickshank Group,Japanese,medium,Hell's Kitchen,9:14,16:57,2.79,1
353,"Shields, Feeney and Steuber",American,cheap,Bushwick,10:59,20:55,4.04,1
354,"Schinner, Konopelski and Stiedemann",Indian,medium,Brooklyn,6:38,16:40,1.8,0
355,"Effertz, Sipes and Harber",Italian,cheap,Chelsea,7:19,20:13,4.71,1
356,Ruecker-Heller,Mexican,expensive,Astoria,7:59,20:31,1.11,0
357,Abbott-Balistreri,Italian,cheap,Greenpoint,7:44,16:32,1.55,1
358,"Langworth, Dicki and Emmerich",Chinese,cheap,Williamsburg,8:23,20:58,2.72,1
359,"Kunde, Lynch and Rempel",Indian,cheap,Park Slope,8:50,20:03,1.41,1
360,Jaskolski-Trantow,Italian,expensive,Harlem,8:10,17:37,3.08,0
361,Maggio Inc,American,expensive,Williamsburg,10:20,20:02,4.1,0
362,Jacobson Inc,American,expensive,Williamsburg,9:59,17:58,4.53,0
363,"Heller, Ward and McCullough",Japanese,expensive,Bushwick,7:04,17:13,3.04,0
364,Abernathy-Stokes,Greek,expensive,Bushwick,6:10,14:01,3.61,0
365,Dicki Inc,Mexican,expensive,Park Slope,8:58,22:14,2.14,1
366,"Barton, Yundt and Mann",Indian,medium,Bushwick,9:00,22:27,4.06,1
367,Carroll-Witting,Chinese,cheap,Harlem,10:52,23:04,0.74,1
368,Hessel and Sons,Japanese,expensive,Greenpoint,10:43,19:26,1.83,0
369,Cremin-Mann,French,expensive,Upper East Side,10:19,20:18,0.21,0
370,"Hickle, Harvey and Senger",Mexican,medium,Brooklyn,7:30,15:46,1.68,0
371,"Will, Wunsch and Littel",Indian,expensive,Bushwick,10:53,18:21,2.71,1
372,Considine-Muller,Japanese,expensive,Williamsburg,9:43,23:11,3.63,0
373,Kiehn-Emmerich,Mediterranean,medium,Bushwick,11:50,17:51,2.5,0
374,Durgan-Erdman,Chinese,cheap,Williamsburg,9:49,23:01,3.1,1
375,Witting Inc,Chinese,cheap,Brooklyn,7:42,15:52,2.39,0
376,"Smitham, Borer and Jenkins",Japanese,expensive,Upper East Side,8:47,20:40,1.46,0
377,Ondricka-Upton,Mediterranean,expensive,Harlem,9:08,20:18,4.57,1
378,Kuhn-Cruickshank,Japanese,cheap,Park Slope,11:23,19:33,0.74,1
379,"Predovic, Von and Weimann",Chinese,cheap,Bushwick,6:42,22:31,0.3,0
380,Auer-Windler,Chinese,medium,Astoria,8:56,18:11,4.12,0
381,"Bauch, Skiles and Ondricka",Japanese,expensive,Williamsburg,6:38,16:00,2.6,0
382,Rutherford Inc,Mediterranean,expensive,Williamsburg,11:45,21:40,2.54,1
383,Koss-Mayert,Mexican,medium,Astoria,7:20,17:10,4.12,0
384,"Schoen, Wintheiser and Langosh",Chinese,expensive,Bushwick,10:10,22:59,4.98,0
385,Grady-Kris,Mexican,cheap,Astoria,6:12,20:55,3.75,1
386,"Koepp, Goodwin and McCullough",Mediterranean,medium,Park Slope,6:35,23:29,2.06,1
387,"Orn, Powlowski and Vandervort",Greek,expensive,Upper East Side,6:05,20:13,3.71,0
388,Hahn-Kuhic,Japanese,expensive,Hell's Kitchen,10:48,20:23,3.31,1
389,"O'Keefe, Johnson and Cremin",Italian,cheap,Astoria,11:13,22:00,1.36,0
390,Lueilwitz Group,French,cheap,Harlem,9:45,20:02,1.73,1
391,Willms and Sons,Thai,expensive,Williamsburg,9:20,15:59,0.98,0
392,"Gerlach, Cremin and Barrows",Mexican,medium,Park Slope,8:23,20:02,0.84,0
393,Gislason LLC,Japanese,cheap,Astoria,6:51,16:35,4.88,1
394,"Mosciski, Lubowitz and Price",Thai,expensive,Greenpoint,9:31,17:05,0.99,1
395,"Ritchie, Bahringer and Ortiz",Thai,cheap,Hell's Kitchen,7:53,18:09,2.16,1
396,Kuhic and Sons,Indian,medium,Chelsea,10:40,17:49,4.11,0
397,O'Kon-Koelpin,Greek,expensive,Astoria,9:53,21:34,2.01,0
398,Steuber-Reinger,Indian,medium,Bushwick,8:40,15:57,1.14,1
399,Homenick-Koelpin,Italian,expensive,Harlem,10:22,16:01,2.37,1
400,Okuneva-Lesch,Greek,cheap,Williamsburg,6:27,20:34,4.52,0
401,Kassulke and Sons,Indian,medium,Williamsburg,10:38,17:54,1.94,1
402,Huels Group,Greek,expensive,Astoria,10:00,16:50,1.78,0
403,Zboncak LLC,French,expensive,Brooklyn,8:01,18:58,4.84,1
404,Keebler and Sons,Greek,expensive,Harlem,8:18,18:59,4.55,0
405,"Cassin, Toy and Jacobs",Mediterranean,medium,Chelsea,9:53,14:31,4.13,0
406,Ziemann-Quitzon,Japanese,medium,Bushwick,7:20,21:45,4.82,1
407,Baumbach-Stehr,Japanese,cheap,Williamsburg,11:23,21:16,2.74,1
408,Powlowski-Bergstrom,Japanese,cheap,Upper East Side,9:39,22:18,2.23,0
409,"Schiller, Sauer and Marks",Chinese,cheap,Greenpoint,10:18,21:38,4.01,0
410,Boehm-Vandervort,Mediterranean,cheap,Astoria,9:14,16:02,3.08,1
411,Johnston-Rohan,Italian,cheap,Astoria,10:08,23:01,3.58,0
412,Tremblay-Wuckert,American,medium,Bushwick,9:28,16:33,4.82,1
413,Stehr Group,Mediterranean,medium,Hell's Kitchen,7:56,22:37,2.66,1
414,Weimann and Sons,Japanese,medium,Williamsburg,11:26,23:16,3.03,0
415,Dickens LLC,Japanese,medium,Park Slope,9:11,23:15,2.39,0
416,"Abernathy, Ernser and Koelpin",Greek,cheap,Hell's Kitchen,11:16,21:43,3.75,1
417,Cremin Group,Italian,expensive,Brooklyn,8:56,14:18,2.54,1
418,Kemmer-Wolff,Mexican,expensive,Astoria,7:26,20:53,2.06,0
419,"Tillman, Gibson and Bechtelar",American,cheap,Williamsburg,6:46,16:21,0.12,0
420,"Ondricka, Hansen and Gulgowski",Japanese,expensive,Upper East Side,8:34,20:22,0.32,0
421,"Stroman, Greenfelder and Becker",Mexican,medium,Astoria,7:08,15:06,1.71,0
422,"Strosin, Satterfield and Stiedemann",Indian,cheap,Astoria,11:24,20:03,0.73,1
423,Stanton-Auer,Mexican,expensive,Astoria,9:07,19:32,1.89,0
424,Goyette-Sawayn,Indian,cheap,Astoria,8:27,14:14,4.43,0
425,Ernser Inc,Italian,cheap,Astoria,10:10,22:07,3.54,0
426,DuBuque-Kemmer,French,cheap,Harlem,9:23,16:52,2.67,0
427,Farrell and Sons,Greek,cheap,Greenpoint,11:09,23:20,4.27,0
428,"Powlowski, Beatty and Swaniawski",Mexican,medium,Bushwick,10:17,14:18,1.46,0
429,Rath-Schiller,Italian,cheap,Williamsburg,11:41,23:54,3.7,1
430,"Skiles, Kerluke and Kovacek",Indian,medium,Harlem,11:20,23:22,0.14,1
431,"Kreiger, Hickle and McLaughlin",Thai,cheap,Hell's Kitchen,11:46,15:05,3.94,0
432,Okuneva-Monahan,French,cheap,Harlem,7:54,19:05,2.9,0
433,Hoppe and Sons,Thai,medium,Harlem,6:11,16:54,3.08,0
434,"Leannon, Cassin and Crist",Indian,cheap,Bushwick,6:42,22:13,3.24,1
435,"Kulas, O'Kon and Steuber",Greek,cheap,Astoria,8:06,23:28,3.53,1
436,Kuphal Group,Chinese,medium,Harlem,8:38,23:06,1.86,0
437,"Daugherty, Morar and Hauck",Indian,cheap,Brooklyn,10:37,21:45,2.37,1
438,Hudson and Sons,Japanese,expensive,Harlem,10:07,19:01,1.75,0
439,Zemlak LLC,Mediterranean,expensive,Astoria,9:19,16:15,1.0,1
440,"Lubowitz, Batz and Considine",Indian,expensive,Harlem,11:58,15:09,4.32,1
441,"Mayer, Kihn and Davis",Mediterranean,medium,Bushwick,7:20,17:44,0.09,0
442,Abbott Inc,Mediterranean,cheap,Brooklyn,6:32,14:12,2.07,0
443,Marvin LLC,French,expensive,Williamsburg,7:47,14:31,0.56,0
444,Hermann-Bednar,Mexican,expensive,Upper East Side,11:54,21:46,3.47,1
445,Hilpert-Doyle,Mediterranean,medium,Park Slope,10:14,20:11,1.59,0
446,Koss Inc,Thai,cheap,Williamsburg,8:47,20:29,3.06,1
447,Koch-Fisher,Chinese,expensive,Chelsea,11:16,16:40,3.66,1
448,Greenholt and Sons,Japanese,cheap,Chelsea,9:41,18:28,1.97,1
449,Von-Mills,Chinese,cheap,Brooklyn,7:16,15:35,4.34,1
450,Block Inc,Chinese,medium,Brooklyn,6:34,14:52,2.91,1
451,Schamberger-Reilly,Italian,expensive,Brooklyn,6:10,18:24,1.92,1
452,Waters Inc,Mexican,cheap,Harlem,9:12,23:17,3.33,0
453,Grant and Sons,Indian,expensive,Williamsburg,8:34,23:57,4.2,0
454,Kohler Group,Greek,expensive,Greenpoint,11:10,18:19,1.01,1
455,"Bergstrom, Franecki and Kutch",Mediterranean,expensive,Hell's Kitchen,10:22,23:43,4.33,1
456,Ledner Inc,Japanese,medium,Bushwick,11:28,21:01,0.76,1
457,Buckridge Group,American,medium,Astoria,7:09,22:43,1.58,1
458,"O'Reilly, Dach and Conroy",Indian,expensive,Park Slope,6:07,15:12,1.6,1
459,"Tillman, Hettinger and Cummerata",Indian,cheap,Upper East Side,10:35,19:33,4.34,1
460,Marks-Hermann,Italian,cheap,Hell's Kitchen,11:33,19:36,0.21,0
461,Kris Inc,Greek,cheap,Upper East Side,10:03,19:05,1.28,1
462,Hirthe Group,Italian,cheap,Williamsburg,9:20,17:11,0.4,0
463,Smith LLC,Japanese,medium,Greenpoint,10:43,23:53,1.21,1
464,Treutel Inc,Mexican,medium,Brooklyn,7:30,20:11,1.34,1
465,Bradtke-Langosh,Indian,cheap,Chelsea,10:33,23:32,2.48,0
466,Conn and Sons,Greek,expensive,Upper East Side,6:24,14:40,2.8,0
467,Gorczany-Schmitt,Mediterranean,expensive,Hell's Kitchen,9:33,20:30,2.97,1
468,Nolan-Wehner,American,cheap,Astoria,11:53,23:32,3.79,1
469,Leuschke-Kreiger,Chinese,expensive,Brooklyn,10:35,20:34,0.15,1
470,"Abernathy, D'Amore and Morissette",Thai,cheap,Hell's Kitchen,10:06,16:21,2.35,1
471,Baumbach-Jaskolski,Mediterranean,medium,Harlem,9:36,17:19,2.1,0
472,"Farrell, Cole and Kreiger",Mediterranean,medium,Greenpoint,7:18,20:24,1.61,0
473,Cummings-Schimmel,Italian,expensive,Park Slope,7:12,20:21,2.57,1
474,"Bosco, Blanda and Bode",American,medium,Bushwick,11:56,16:38,0.72,0
475,"Wolff, Abbott and Olson",American,medium,Greenpoint,6:10,14:33,1.78,0
476,"Emard, Kovacek and Kerluke",Chinese,medium,Hell's Kitchen,10:38,20:20,0.78,1
477,"Tremblay, Keeling and Bode",Mediterranean,cheap,Upper East Side,11:18,17:31,1.09,0
478,Farrell Inc,Indian,medium,Upper East Side,8:08,16:50,2.62,1
479,Kutch-Will,Japanese,cheap,Harlem,6:26,14:11,2.89,0
480,Jacobi and Sons,Italian,cheap,Astoria,10:29,20:10,4.36,0
481,Kulas-Witting,Mexican,expensive,Astoria,7:37,23:54,3.12,1
482,"Grant, Ziemann and Breitenberg",Thai,expensive,Hell's Kitchen,8:42,14:44,1.97,0
483,Sporer LLC,French,medium,Park Slope,9:18,20:09,0.67,0
484,Lebsack-Witting,Indian,cheap,Hell's Kitchen,10:54,18:45,2.09,0
485,Reichel LLC,Mediterranean,expensive,Park Slope,11:28,14:38,0.49,0
486,Towne and Sons,Chinese,cheap,Harlem,11:25,23:42,1.6,1
487,Lehner and Sons,Mexican,expensive,Brooklyn,11:28,19:43,3.23,0
488,"Gottlieb, Streich and Kling",Indian,cheap,Brooklyn,9:38,20:26,0.12,0
489,Powlowski Inc,Japanese,expensive,Chelsea,9:29,14:49,4.88,0
490,"Brekke, Gutmann and Reynolds",American,expensive,Chelsea,8:18,20:08,3.01,0
491,Harber and Sons,Japanese,expensive,Brooklyn,8:55,21:21,3.0,0
492,Mann LLC,Italian,cheap,Williamsburg,6:00,23:48,1.15,0
493,"Stehr, Vandervort and Cormier",Greek,expensive,Hell's Kitchen,11:18,20:55,3.96,0
494,Lemke-Fahey,Italian,cheap,Brooklyn,9:33,23:21,1.33,0
495,Carroll-Conroy,Thai,expensive,Chelsea,11:17,20:50,1.25,1
496,Crona and Sons,Greek,expensive,Upper East Side,6:21,20:48,3.83,1
497,Abbott-Stanton,Mexican,cheap,Chelsea,10:17,18:51,3.12,0
498,Runolfsdottir-Turner,Mediterranean,medium,Chelsea,6:02,17:31,4.38,1
499,"Jacobi, Casper and Huel",Mediterranean,medium,Chelsea,8:49,21:29,3.18,0
500,Abernathy LLC,Chinese,expensive,Bushwick,9:12,18:22,2.67,0
501,Nader-Dach,Indian,medium,Hell's Kitchen,6:02,21:54,0.07,1
502,"Dibbert, Nicolas and Kertzmann",Mexican,medium,Upper East Side,9:00,16:46,0.48,0
503,Hilpert-Shields,Mediterranean,medium,Williamsburg,8:04,14:31,0.15,1
504,Bartell-Price,Mediterranean,medium,Williamsburg,10:39,22:07,0.83,0
505,"Stracke, Gutkowski and Nienow",Italian,medium,Chelsea,10:58,14:51,0.07,0
506,"Waters, Gerlach and Johnson",Mediterranean,cheap,Harlem,10:42,17:55,2.7,0
507,Ankunding-Heidenreich,French,medium,Upper East Side,6:55,22:34,4.52,0
508,Medhurst Group,Japanese,medium,Park Slope,10:59,17:43,3.81,0
509,Keeling-Kuhic,Italian,cheap,Williamsburg,11:07,22:16,2.61,0
510,Cormier and Sons,Mexican,expensive,Chelsea,9:38,14:49,2.45,0
511,Roberts Group,French,medium,Astoria,11:20,18:20,3.35,1
512,"Weber, Senger and Turner",American,cheap,Astoria,8:30,21:34,4.85,1
513,"Johnson, Kirlin and Buckridge",Indian,medium,Park Slope,8:57,14:18,1.9,1
514,Stark-Luettgen,Greek,medium,Park Slope,6:15,23:30,2.44,1
515,Connelly-Cummings,Indian,cheap,Upper East Side,10:27,21:56,2.21,0
516,"Heidenreich, Stroman and Casper",Greek,medium,Bushwick,7:32,21:43,1.21,0
517,"Marks, Cummerata and Prohaska",Thai,medium,Chelsea,10:04,20:10,1.54,0
518,Brakus-Pacocha,Italian,medium,Williamsburg,10:39,22:08,0.63,1
519,Klein Inc,Italian,expensive,Chelsea,8:53,17:21,2.76,1
520,Sipes-Robel,French,cheap,Upper East Side,7:15,21:02,3.98,0
521,Lemke and Sons,Japanese,expensive,Hell's Kitchen,7:29,20:24,1.1,0
522,"Smitham, O'Keefe and Prohaska",Greek,expensive,Harlem,8:47,23:43,2.3,1
523,Grady-Champlin,Italian,medium,Upper East Side,9:41,23:27,2.37,0
524,"Donnelly, Haley and Schuppe",Thai,medium,Upper East Side,11:46,16:02,4.4,0
525,Howell and Sons,Mexican,expensive,Hell's Kitchen,9:00,23:31,2.07,1
526,Tromp-Hilpert,Mediterranean,medium,Greenpoint,6:09,19:47,0.29,0
527,Walker and Sons,Mediterranean,expensive,Park Slope,7:42,22:39,1.45,1
528,Franecki Group,Japanese,cheap,Park Slope,11:50,16:03,0.85,0
529,Tromp-Roob,Indian,expensive,Harlem,10:02,23:09,2.49,0
530,"Rippin, Morissette and Kirlin",Mexican,medium,Park Slope,7:40,22:36,0.13,0
531,Bashirian and Sons,Greek,expensive,Upper East Side,7:12,17:55,3.15,0
532,Gutkowski LLC,American,cheap,Park Slope,10:43,16:33,1.06,1
533,Champlin-Little,Italian,expensive,Williamsburg,9:55,19:09,4.5,1
534,Kub and Sons,French,medium,Greenpoint,7:29,16:48,4.16,1
535,Strosin Inc,French,medium,Chelsea,7:11,17:30,3.11,1
536,Schowalter LLC,Chinese,expensive,Park Slope,11:58,17:17,3.88,1
537,Wolf and Sons,Japanese,cheap,Bushwick,6:18,19:38,2.77,1
538,Balistreri Inc,Greek,expensive,Park Slope,9:38,19:51,2.6,0
539,"Padberg, Gulgowski and Schaden",Japanese,medium,Greenpoint,8:22,17:12,3.64,1
540,"Zemlak, Graham and Conroy",Mexican,expensive,Hell's Kitchen,9:58,23:32,3.09,0
541,"Pagac, Schaefer and Kutch",Chinese,medium,Hell's Kitchen,8:51,16:30,1.69,1
542,Halvorson-Langworth,French,medium,Chelsea,8:11,23:16,1.27,1
543,Balistreri Group,American,cheap,Hell's Kitchen,7:14,22:44,1.89,1
544,Mueller-Runolfsdottir,Mexican,expensive,Bushwick,7:45,21:30,1.77,0
545,Bergnaum-Morar,Mexican,medium,Bushwick,8:45,19:28,2.22,1
546,"Reinger, Kerluke and Beahan",American,expensive,Upper East Side,7:28,16:06,1.43,1
547,Romaguera-Lemke,French,medium,Bushwick,6:26,20:52,4.52,1
548,Altenwerth Inc,Mediterranean,medium,Chelsea,6:50,21:29,1.38,0
549,"Schoen, Mayer and Reynolds",Indian,medium,Williamsburg,9:22,18:22,0.53,0
550,Halvorson Group,Greek,cheap,Chelsea,10:22,14:15,3.09,0
551,"Anderson, Bahringer and Muller",Indian,expensive,Chelsea,6:14,17:32,0.7,0
552,Botsford Group,Greek,expensive,Hell's Kitchen,11:30,17:02,0.05,0
553,Wunsch LLC,Mexican,cheap,Astoria,7:16,22:21,3.17,0
554,Koss LLC,Japanese,medium,Hell's Kitchen,7:45,20:30,1.95,0
555,"Rice, Altenwerth and Sawayn",Indian,medium,Chelsea,7:23,19:37,4.56,1
556,O'Connell-Oberbrunner,Thai,cheap,Harlem,11:18,20:24,3.38,1
557,Powlowski-Walker,Mexican,medium,Upper East Side,9:38,14:22,2.9,0
558,Kreiger LLC,Japanese,cheap,Astoria,6:50,16:15,3.54,0
559,Gorczany Group,Italian,medium,Chelsea,9:57,22:03,1.32,0
560,Jones Group,Indian,cheap,Chelsea,8:53,20:59,1.8,0
561,Shields-Bartoletti,Indian,expensive,Chelsea,6:04,23:13,2.04,1
562,"Rowe, Williamson and Hodkiewicz",Mediterranean,cheap,Chelsea,9:16,19:09,3.76,1
563,Jaskolski and Sons,Chinese,expensive,Bushwick,6:55,14:04,3.45,0
564,McCullough-Pfeffer,Italian,medium,Hell's Kitchen,7:41,15:40,4.06,1
565,"Kris, Barton and Krajcik",French,medium,Chelsea,8:34,18:04,4.89,0
566,Dicki Inc,Mexican,expensive,Astoria,10:15,22:03,4.34,0
567,Kassulke-Mills,Italian,expensive,Hell's Kitchen,6:37,23:15,0.05,0
568,"Sanford, Kreiger and Erdman",Indian,medium,Greenpoint,7:21,23:41,3.8,1
569,"Walsh, Carroll and Mann",Greek,cheap,Bushwick,11:08,16:41,2.97,1
570,"Little, Tillman and Gutmann",Chinese,expensive,Brooklyn,11:19,19:18,4.29,1
571,"Nader, Frami and Feeney",American,medium,Harlem,9:00,16:58,2.27,1
572,Davis and Sons,Mexican,cheap,Harlem,10:16,22:37,2.17,0
573,Kovacek Inc,Thai,medium,Astoria,11:34,23:03,3.66,0
574,Ebert-Cole,Greek,cheap,Astoria,9:34,14:53,4.38,1
575,Steuber-Schmeler,Mexican,medium,Williamsburg,8:24,17:47,2.15,1
576,"Renner, Shanahan and Skiles",Indian,cheap,Williamsburg,7:30,23:00,3.12,0
577,"Erdman, Batz and Gleason",Thai,medium,Greenpoint,6:38,21:52,1.81,0
578,"Sawayn, Lehner and Williamson",Chinese,medium,Greenpoint,6:27,20:01,0.16,1
579,Runolfsson-McClure,Mediterranean,expensive,Hell's Kitchen,9:59,20:00,2.95,0
580,Murazik Inc,Japanese,medium,Bushwick,9:41,14:12,2.62,0
581,"Green, Lueilwitz and Gerlach",Mediterranean,expensive,Bushwick,10:46,18:37,4.39,1
582,Adams Inc,Chinese,cheap,Chelsea,10:41,20:19,2.47,1
583,"Predovic, Heaney and Schmeler",Mexican,medium,Harlem,6:01,21:58,4.65,1
584,Streich-Blick,French,cheap,Chelsea,9:23,14:58,3.23,1
585,Greenfelder-Blanda,American,medium,Brooklyn,7:33,20:02,4.1,1
586,Welch and Sons,Chinese,cheap,Park Slope,8:58,23:34,4.47,0
587,"Kozey, Franecki and Pfannerstill",French,medium,Upper East Side,11:11,22:14,0.71,1
588,Lemke LLC,Japanese,medium,Greenpoint,9:49,16:19,4.93,0
589,Boyer-Abbott,Indian,medium,Bushwick,8:34,18:46,4.97,0
590,"Zulauf, Rutherford and O'Hara",Indian,cheap,Williamsburg,9:42,15:42,2.54,1
591,Stiedemann Group,American,medium,Williamsburg,12:00,18:17,2.2,1
592,"Metz, Hahn and Lind",Thai,cheap,Park Slope,9:24,22:12,3.13,0
593,Harris-Lubowitz,Mexican,cheap,Park Slope,9:16,21:19,4.14,1
594,Kiehn and Sons,American,cheap,Bushwick,6:25,20:22,4.06,0
595,"Bailey, Keeling and Lehner",Indian,expensive,Hell's Kitchen,7:38,16:12,0.86,1
596,"Ferry, Wunsch and Rowe",Mexican,cheap,Upper East Side,7:00,15:13,0.3,1
597,"Barrows, Koepp and Williamson",Chinese,expensive,Hell's Kitchen,11:52,16:54,0.67,0
598,"Daugherty, Franecki and Reichert",American,medium,Upper East Side,6:05,17:33,0.05,1
599,Larkin Group,Indian,cheap,Hell's Kitchen,10:15,22:36,0.22,1
600,Dickens and Sons,Greek,cheap,Greenpoint,7:35,17:40,3.15,0
601,Kessler-Kiehn,Japanese,cheap,Astoria,7:45,14:37,1.73,1
602,"Rowe, Denesik and Towne",Italian,medium,Harlem,6:15,15:09,1.33,1
603,Hahn Group,Mexican,cheap,Greenpoint,8:49,17:47,0.17,1
604,Howe LLC,Italian,expensive,Brooklyn,11:13,16:17,2.39,0
605,Heaney-Veum,Italian,expensive,Upper East Side,6:52,17:49,2.95,0
606,Prohaska-Raynor,Mexican,cheap,Hell's Kitchen,7:20,20:12,1.19,0
607,Conn-MacGyver,Japanese,cheap,Upper East Side,9:02,14:03,0.85,0
608,Jenkins LLC,Thai,medium,Upper East Side,10:05,21:59,4.46,0
609,Balistreri-Huels,Mexican,expensive,Greenpoint,7:00,17:43,1.92,0
610,Mraz Inc,Chinese,expensive,Upper East Side,8:01,17:35,0.8,0
611,"Rice, Hilll and Larson",Thai,cheap,Park Slope,8:00,15:14,4.66,1
612,Ledner and Sons,American,expensive,Park Slope,8:17,21:17,3.9,1
613,"Marvin, Franecki and Berge",Chinese,expensive,Bushwick,7:40,21:40,0.08,1
614,"Witting, Emard and Kling",Mediterranean,medium,Astoria,9:22,23:03,3.76,1
615,Pfannerstill Inc,Greek,expensive,Upper East Side,6:33,23:11,0.57,1
616,"Denesik, Feil and Ledner",Italian,cheap,Hell's Kitchen,7:58,23:13,0.25,0
617,Spencer-Koepp,Mediterranean,cheap,Williamsburg,8:42,21:20,1.19,0
618,Fahey-Nitzsche,Italian,expensive,Brooklyn,6:16,23:34,4.33,0
619,Kling Inc,Japanese,expensive,Williamsburg,7:18,16:42,2.81,0
620,Crist-Beatty,Chinese,cheap,Brooklyn,8:06,16:30,3.73,0
621,Smitham-Klocko,Mexican,expensive,Chelsea,8:43,22:58,3.92,0
622,"Casper, Mante and Gorczany",American,expensive,Williamsburg,10:17,19:42,3.34,1
623,"Tillman, Ortiz and Spencer",Mexican,cheap,Park Slope,6:11,15:30,3.24,1
624,"Luettgen, Willms and Gislason",Japanese,medium,Park Slope,9:46,15:33,1.34,0
625,"Aufderhar, Watsica and Witting",Mexican,expensive,Upper East Side,7:50,14:42,1.13,0
626,Dicki-Little,Mexican,expensive,Harlem,10:44,16:44,1.55,1
627,Kessler and Sons,Mexican,expensive,Bushwick,7:40,23:49,4.3,1
628,"Ortiz, Kris and Flatley",Mexican,cheap,Harlem,7:25,21:33,4.02,1
629,"Howe, Nader and Rohan",Thai,expensive,Park Slope,7:41,21:12,4.73,0
630,Bahringer LLC,Japanese,medium,Brooklyn,11:44,15:46,4.95,1
631,Greenholt Group,Indian,medium,Bushwick,6:26,23:00,4.45,0
632,Gleichner-Hirthe,Indian,cheap,Hell's Kitchen,10:01,14:17,2.71,0
633,"Leannon, Larson and Cartwright",Greek,cheap,Brooklyn,9:43,22:59,1.75,0
634,Davis and Sons,Mexican,expensive,Greenpoint,6:48,17:35,0.9,1
635,"Schamberger, Bruen and Kuphal",Japanese,medium,Park Slope,7:16,23:41,1.64,0
636,"Donnelly, Robel and Wolf",Mexican,cheap,Chelsea,11:56,19:41,3.84,1
637,White and Sons,Greek,medium,Greenpoint,8:04,18:28,3.46,1
638,Halvorson Group,Italian,expensive,Bushwick,11:05,21:41,2.03,1
639,Kuhn Inc,Mediterranean,medium,Brooklyn,7:24,23:16,4.91,1
640,Boyle-Botsford,Chinese,cheap,Astoria,9:52,17:16,1.76,0
641,Satterfield Inc,Greek,medium,Williamsburg,9:37,17:09,1.84,1
642,"Dietrich, Thiel and Schroeder",Indian,medium,Harlem,10:23,16:49,4.11,0
643,"Hoppe, Nolan and Connelly",Mexican,expensive,Brooklyn,10:55,19:25,0.96,0
644,Schiller Inc,Mexican,expensive,Harlem,11:33,15:09,1.07,1
645,"Olson, Hudson and Vandervort",Japanese,expensive,Harlem,7:26,21:11,0.84,0
646,"Runolfsdottir, Toy and Walter",Chinese,expensive,Hell's Kitchen,6:17,18:19,0.99,1
647,Daugherty Inc,French,expensive,Astoria,7:32,23:04,1.09,0
648,Gulgowski-Weimann,Chinese,expensive,Hell's Kitchen,8:11,18:47,0.23,0
649,Gislason-Howe,American,medium,Chelsea,9:03,18:16,1.92,1
650,Stoltenberg LLC,Japanese,expensive,Bushwick,7:40,15:48,4.29,1
651,Bergnaum LLC,Indian,cheap,Park Slope,6:03,15:51,0.69,1
652,MacGyver and Sons,French,expensive,Greenpoint,10:06,21:35,4.99,0
653,Abshire Inc,American,cheap,Hell's Kitchen,6:37,23:38,1.09,0
654,"Sipes, Bergnaum and Schoen",Chinese,medium,Upper East Side,8:25,19:09,3.66,0
655,Will LLC,Mediterranean,expensive,Bushwick,11:43,23:26,4.86,0
656,Block and Sons,Mexican,medium,Upper East Side,7:50,16:42,3.78,0
657,Purdy Group,Greek,cheap,Brooklyn,9:24,16:30,3.5,0
658,Kohler-McKenzie,French,expensive,Chelsea,7:10,17:03,1.77,0
659,Swift Inc,Chinese,medium,Brooklyn,10:01,17:46,0.48,0
660,Torp-Renner,American,cheap,Chelsea,6:45,14:13,3.36,1
661,Nienow-Bednar,Japanese,medium,Chelsea,7:49,16:33,3.35,1
662,"Rippin, Cummerata and Tromp",Japanese,expensive,Bushwick,9:55,23:42,1.58,0
663,Runolfsdottir and Sons,Thai,cheap,Chelsea,9:42,17:43,0.93,0
664,Gibson Group,American,expensive,Park Slope,8:58,16:58,4.69,1
665,Mayert LLC,Indian,medium,Bushwick,6:04,18:22,2.54,1
666,Labadie Inc,Japanese,expensive,Upper East Side,10:54,23:36,1.7,0
667,"Rau, Fritsch and Flatley",Thai,expensive,Harlem,8:02,23:48,3.35,1
668,Schneider-Spencer,Chinese,expensive,Park Slope,8:36,23:18,2.05,1
669,Nitzsche LLC,Chinese,medium,Hell's Kitchen,10:09,18:05,4.51,1
670,"Zemlak, Runte and Harvey",Mexican,cheap,Astoria,10:47,17:05,4.84,0
671,Hahn Inc,Mediterranean,medium,Greenpoint,9:16,14:30,3.93,1
672,Schuppe and Sons,Chinese,expensive,Brooklyn,11:53,18:49,3.86,0
673,Moore LLC,Chinese,medium,Chelsea,10:39,19:28,3.1,1
674,Trantow Group,Greek,medium,Bushwick,10:26,22:58,2.71,0
675,"O'Conner, Bernhard and Satterfield",Mediterranean,expensive,Chelsea,8:09,18:23,3.83,0
676,Larkin Group,Greek,expensive,Astoria,8:20,17:56,0.1,0
677,"Bosco, Wilkinson and Muller",Japanese,cheap,Chelsea,9:43,20:23,3.56,1
678,Watsica and Sons,Thai,expensive,Park Slope,11:26,23:27,2.64,0
679,Hermiston and Sons,Thai,medium,Upper East Side,6:59,23:05,3.33,1
680,Kassulke and Sons,Indian,expensive,Williamsburg,8:24,17:35,2.02,0
681,Brakus LLC,Chinese,expensive,Hell's Kitchen,11:41,15:10,3.69,0
682,Larkin LLC,Mediterranean,expensive,Bushwick,8:31,17:08,4.04,0
683,Keeling-Johnston,Japanese,cheap,Chelsea,7:17,21:52,1.12,1
684,Ruecker Group,Indian,expensive,Williamsburg,7:43,16:00,3.57,1
685,"Moen, West and Frami",Mediterranean,medium,Greenpoint,9:02,15:28,2.85,0
686,Hoppe Inc,Indian,cheap,Hell's Kitchen,10:45,19:52,1.4,0
687,"Macejkovic, Ernser and VonRueden",French,expensive,Chelsea,6:11,20:02,0.83,0
688,Thiel Inc,Thai,cheap,Astoria,10:25,15:14,2.8,0
689,Lakin-Roob,Japanese,medium,Chelsea,10:16,19:54,0.19,0
690,Kautzer-Keeling,Thai,expensive,Harlem,6:40,14:47,0.04,0
691,Hermann-Morissette,Indian,medium,Astoria,7:01,23:21,4.82,1
692,Feil Inc,Mexican,expensive,Greenpoint,6:29,19:43,2.27,1
693,Toy LLC,Mexican,expensive,Bushwick,11:21,16:57,0.34,0
694,"Moore, Ziemann and Raynor",Mexican,cheap,Chelsea,7:39,21:11,4.29,0
695,Schamberger Group,American,expensive,Bushwick,8:49,21:11,4.87,0
696,"Kuhlman, Herzog and Kessler",Thai,expensive,Brooklyn,11:43,21:33,3.93,1
697,Bechtelar Inc,American,cheap,Hell's Kitchen,10:32,14:20,3.18,1
698,Christiansen Group,French,expensive,Park Slope,11:19,22:11,0.92,0
699,Conn-Steuber,Mexican,expensive,Upper East Side,10:45,19:24,0.66,1
700,Romaguera-Tremblay,Thai,cheap,Bushwick,10:19,18:03,1.11,1
701,Prosacco LLC,French,medium,Brooklyn,10:05,21:12,2.99,0
702,Larkin-Gibson,Greek,expensive,Park Slope,7:03,22:43,3.5,0
703,Cummings and Sons,Mexican,medium,Hell's Kitchen,7:42,21:41,2.46,0
704,Pfeffer Inc,Italian,expensive,Park Slope,9:44,22:49,4.28,0
705,Olson-Hane,Thai,cheap,Brooklyn,7:00,14:28,0.53,1
706,Bode and Sons,Italian,cheap,Upper East Side,11:21,18:47,2.33,0
707,Schuppe Inc,Japanese,cheap,Brooklyn,6:01,20:45,2.57,1
708,"Zboncak, Botsford and Hahn",French,expensive,Astoria,11:44,23:26,2.57,0
709,"O'Conner, Jenkins and Hansen",Indian,expensive,Bushwick,9:44,20:57,4.13,0
710,"Cummings, McCullough and Conn",American,expensive,Williamsburg,10:25,15:40,4.46,1
711,"Murphy, Spencer and Swift",Mexican,cheap,Greenpoint,9:18,17:47,1.57,0
712,Larson-Beer,Mexican,cheap,Hell's Kitchen,10:03,17:05,4.65,1
713,"Medhurst, Carter and Bayer",Mexican,expensive,Williamsburg,11:18,16:04,0.83,1
714,"Koelpin, Wolff and Bogan",American,expensive,Williamsburg,6:33,22:10,3.24,0
715,Welch-Grimes,Mediterranean,cheap,Hell's Kitchen,6:11,22:49,4.0,0
716,"Fahey, Goyette and Ziemann",Thai,medium,Astoria,6:45,18:03,0.47,0
717,Ledner-Windler,Thai,expensive,Harlem,8:15,20:40,2.4,1
718,Kihn LLC,Mexican,expensive,Astoria,11:11,23:35,2.99,1
719,Swaniawski-Medhurst,French,cheap,Astoria,10:54,16:50,0.2,1
720,Mills-Thiel,American,medium,Upper East Side,9:41,17:24,2.43,1
721,Jacobson-Willms,Italian,cheap,Williamsburg,10:58,14:57,0.32,1
722,"Larson, Kozey and Shields",Chinese,medium,Hell's Kitchen,10:29,22:54,0.87,1
723,"Ruecker, Kozey and Gulgowski",Greek,expensive,Hell's Kitchen,8:45,18:23,4.56,0
724,Langworth Inc,Chinese,cheap,Chelsea,9:46,20:45,1.33,0
725,Simonis-Batz,American,medium,Astoria,10:49,14:12,1.54,1
726,Boyle-Runte,Mexican,cheap,Park Slope,7:34,19:10,4.95,1
727,Shanahan-Jakubowski,Indian,cheap,Brooklyn,7:57,14:02,3.48,1
728,Auer-Rempel,Thai,medium,Brooklyn,8:21,18:00,3.98,0
729,Langosh Inc,Italian,expensive,Harlem,10:34,17:56,2.31,1
730,Kuhn Group,Mexican,expensive,Bushwick,8:41,22:33,4.14,1
731,"Kulas, MacGyver and Bayer",Mexican,medium,Astoria,7:00,18:06,4.85,0
732,Blick Inc,Greek,cheap,Chelsea,11:05,17:02,2.64,1
733,Stokes and Sons,French,cheap,Bushwick,8:14,16:57,1.26,1
734,Botsford-Ortiz,American,cheap,Park Slope,11:30,16:07,4.87,0
735,"Considine, Wolf and Yundt",Mexican,medium,Hell's Kitchen,8:39,20:02,0.2,0
736,Dare-Dicki,Indian,expensive,Park Slope,8:35,21:29,3.68,1
737,Dibbert-Watsica,Mexican,expensive,Hell's Kitchen,11:22,14:39,2.35,0
738,"Weimann, Herman and Effertz",Italian,cheap,Brooklyn,6:41,21:19,4.74,0
739,"Muller, Adams and Stokes",Mediterranean,expensive,Brooklyn,7:04,21:39,1.16,1
740,O'Hara Group,Indian,cheap,Astoria,9:45,21:56,4.03,0
741,Schmidt and Sons,Thai,expensive,Harlem,6:57,18:44,0.99,1
742,Moen-Ward,Mexican,cheap,Williamsburg,8:47,18:59,4.19,1
743,Corwin Inc,French,medium,Greenpoint,6:58,18:46,2.77,1
744,"Nitzsche, Dibbert and Cole",American,medium,Park Slope,10:30,14:07,2.17,1
745,"Langosh, Lind and Toy",Mediterranean,expensive,Astoria,10:45,16:03,2.64,1
746,Hansen and Sons,Mexican,cheap,Chelsea,7:08,14:19,3.97,0
747,Deckow LLC,Italian,cheap,Williamsburg,6:43,17:05,4.91,1
748,"Mayert, Koch and Funk",Italian,medium,Upper East Side,8:32,20:42,4.45,0
749,Herman-Larson,American,cheap,Greenpoint,10:02,19:05,1.9,1
750,Hickle-Roberts,Chinese,expensive,Harlem,7:17,16:52,0.79,1
751,Schinner Inc,Chinese,medium,Brooklyn,10:34,14:25,0.17,1
752,"Gislason, Gerhold and Schaden",Thai,medium,Harlem,10:34,16:01,4.01,1
753,Pollich LLC,Italian,expensive,Greenpoint,11:38,19:25,2.46,1
754,Stroman Group,Thai,expensive,Harlem,11:59,16:18,4.24,1
755,"Robel, Ullrich and Klocko",Chinese,medium,Greenpoint,7:58,20:56,0.85,1
756,"Borer, Farrell and Cremin",Thai,expensive,Bushwick,11:36,21:23,2.84,1
757,Walter Inc,Mexican,medium,Williamsburg,10:52,19:51,0.08,1
758,Bahringer Inc,Chinese,medium,Upper East Side,8:20,14:16,4.19,1
759,O'Connell-Hagenes,French,expensive,Bushwick,11:35,16:59,3.99,0
760,"Hilll, Stokes and Ratke",Mexican,cheap,Harlem,9:45,16:56,2.93,1
761,Ziemann-Corwin,Mexican,cheap,Williamsburg,6:32,15:36,4.58,1
762,"Pagac, Lemke and Jacobi",French,expensive,Harlem,7:56,18:51,2.86,1
763,Farrell-Ledner,Indian,cheap,Bushwick,9:49,19:52,2.68,0
764,"Herzog, Bernhard and Veum",Chinese,medium,Chelsea,10:52,15:29,3.62,1
765,Wuckert-O'Keefe,American,medium,Upper East Side,8:49,22:49,0.23,1
766,Reynolds Inc,Mediterranean,expensive,Greenpoint,8:16,19:57,3.01,1
767,Tremblay-Nolan,Mediterranean,expensive,Hell's Kitchen,9:57,16:36,0.4,0
768,Feil Inc,Mexican,cheap,Upper East Side,7:46,19:34,1.54,1
769,"Ankunding, Howell and Hansen",French,medium,Park Slope,9:45,16:44,4.76,1
770,Medhurst LLC,Italian,cheap,Bushwick,10:27,19:29,4.05,1
771,"Runte, Huel and Hamill",Italian,expensive,Brooklyn,11:47,22:43,1.8,0
772,Ortiz LLC,Thai,cheap,Bushwick,10:01,20:02,4.9,0
773,"Gislason, Crooks and Kunze",Indian,expensive,Park Slope,6:56,15:29,2.6,0
774,Blanda-Conn,Italian,cheap,Upper East Side,10:12,20:56,1.09,0
775,"Wolf, Altenwerth and Rau",Mexican,cheap,Greenpoint,9:21,17:03,4.7,0
776,"Wisozk, Pagac and Towne",Thai,expensive,Hell's Kitchen,11:01,19:38,0.25,0
777,Johnston and Sons,Greek,medium,Chelsea,7:56,16:48,3.58,0
778,"Osinski, Sporer and Ratke",Thai,medium,Chelsea,9:54,18:12,3.62,1
779,Wilkinson Group,Mediterranean,cheap,Astoria,8:51,14:18,4.06,0
780,Hoeger-Kshlerin,French,cheap,Park Slope,11:07,15:04,0.05,0
781,Pagac-Mayert,Mediterranean,medium,Astoria,7:25,19:04,4.09,0
782,Pagac-Harvey,Greek,medium,Astoria,7:12,20:15,2.34,1
783,Fisher and Sons,American,medium,Astoria,7:03,22:48,0.44,1
784,O'Keefe Inc,Mexican,medium,Chelsea,10:48,23:05,1.84,0
785,Bashirian Inc,Indian,expensive,Astoria,10:04,20:06,4.91,1
786,Breitenberg-Thiel,Indian,expensive,Chelsea,6:27,17:13,1.1,1
787,Lesch-Grady,American,medium,Chelsea,7:15,16:34,2.74,0
788,"Treutel, Brakus and Mueller",Mexican,expensive,Brooklyn,8:23,22:05,3.55,1
789,"Lebsack, Emmerich and Cronin",Japanese,medium,Bushwick,7:13,23:02,1.15,1
790,"Schaefer, Gorczany and Spencer",Mediterranean,cheap,Chelsea,7:55,21:36,1.1,0
791,Barrows and Sons,French,medium,Bushwick,6:11,19:40,4.46,0
792,"Kreiger, Jaskolski and Wuckert",Japanese,medium,Astoria,8:08,18:41,4.6,1
793,Bruen and Sons,Chinese,cheap,Harlem,6:04,19:39,4.23,1
794,Graham-Block,Italian,medium,Bushwick,6:33,17:41,1.5,0
795,"Klein, Ruecker and Kutch",Italian,expensive,Park Slope,8:31,15:53,4.01,1
796,Effertz Group,Indian,cheap,Williamsburg,10:21,16:12,2.55,1
797,"Hettinger, Hackett and Bartell",American,cheap,Hell's Kitchen,11:07,21:32,2.85,1
798,Donnelly-Braun,Thai,cheap,Harlem,7:43,16:57,2.28,1
799,Pacocha Group,Chinese,medium,Astoria,7:15,19:09,4.8,1
800,"Dare, Wiegand and Price",Japanese,cheap,Brooklyn,6:54,17:07,3.17,1
801,Kshlerin-Beatty,Mexican,expensive,Hell's Kitchen,10:21,18:59,3.56,0
802,"Medhurst, Parisian and Leffler",American,medium,Harlem,11:37,23:03,3.07,1
803,"MacGyver, Ortiz and Ondricka",Mexican,medium,Chelsea,8:39,18:07,4.54,1
804,Quitzon Inc,Thai,medium,Hell's Kitchen,10:07,14:56,1.39,0
805,"Russel, Rice and Little",Thai,medium,Park Slope,10:39,14:56,3.04,0
806,Hills-Cole,Indian,medium,Greenpoint,7:25,15:37,3.88,1
807,"Gottlieb, Runte and Gleichner",Greek,medium,Upper East Side,11:59,14:29,3.97,0
808,Stark-Schaden,Japanese,medium,Bushwick,8:34,21:35,3.06,0
809,Langosh-Beatty,Greek,expensive,Hell's Kitchen,7:22,19:41,4.45,0
810,Larkin and Sons,Italian,medium,Astoria,8:08,19:24,4.7,1
811,Ernser-Leannon,Thai,expensive,Brooklyn,11:29,18:31,3.99,1
812,"Rempel, Senger and Paucek",American,cheap,Bushwick,7:28,22:32,4.03,0
813,"Brekke, Schamberger and Jacobson",Mediterranean,cheap,Chelsea,9:31,22:50,2.99,1
814,Streich-Kerluke,Thai,medium,Park Slope,10:04,15:54,2.09,0
815,"Lemke, Steuber and Grady",Indian,medium,Harlem,11:30,21:34,3.2,1
816,Hauck and Sons,Indian,cheap,Astoria,8:25,16:44,4.99,0
817,Lehner LLC,Thai,expensive,Chelsea,7:15,15:33,1.03,0
818,Monahan-Zboncak,Italian,medium,Park Slope,9:00,23:12,3.18,1
819,"Romaguera, Parker and Mraz",Japanese,medium,Hell's Kitchen,6:33,16:31,1.29,0
820,Crist Group,Mediterranean,cheap,Harlem,10:00,19:46,3.33,0
821,"Beatty, Jast and Collier",French,expensive,Greenpoint,9:26,16:49,0.97,1
822,"Bechtelar, Kessler and McCullough",Mexican,cheap,Greenpoint,9:53,16:42,3.45,0
823,McLaughlin and Sons,American,cheap,Astoria,9:17,14:00,2.96,0
824,Grady Group,Japanese,cheap,Hell's Kitchen,7:39,18:51,4.46,1
825,"Crist, Bradtke and MacGyver",Italian,cheap,Brooklyn,11:02,22:02,2.62,0
826,Padberg-Huel,American,cheap,Harlem,9:35,15:24,2.77,0
827,Pfannerstill-Satterfield,Chinese,medium,Chelsea,6:34,19:33,3.68,0
828,"Schuster, Champlin and Reinger",Italian,cheap,Williamsburg,8:26,16:07,2.84,0
829,Russel-Bahringer,Greek,expensive,Park Slope,8:47,22:32,1.86,1
830,"Bailey, Leannon and Feest",Thai,medium,Park Slope,10:15,19:51,1.99,1
831,Kovacek-Hermiston,Mediterranean,medium,Bushwick,6:54,18:36,0.36,0
832,Schmeler-Cummings,French,expensive,Brooklyn,9:08,17:27,2.76,1
833,Koelpin and Sons,Indian,medium,Hell's Kitchen,8:42,14:15,3.56,1
834,Rolfson-Brekke,Japanese,cheap,Astoria,8:35,20:19,1.01,0
835,"Stark, Raynor and Turcotte",Japanese,cheap,Greenpoint,6:40,18:52,4.55,0
836,"Prosacco, Hessel and Kuhn",Thai,cheap,Williamsburg,7:19,23:14,4.37,0
837,Krajcik-Terry,French,cheap,Chelsea,9:46,23:34,2.28,0
838,"Bergnaum, Roob and Graham",Mediterranean,expensive,Park Slope,6:48,21:41,3.09,1
839,"Schneider, Dach and Ondricka",Indian,expensive,Chelsea,6:32,19:23,0.33,1
840,Mueller-Powlowski,French,medium,Hell's Kitchen,10:16,14:44,3.08,1
841,Waters and Sons,Thai,cheap,Harlem,9:00,16:15,4.08,1
842,"Dicki, Osinski and Hoeger",Mediterranean,medium,Chelsea,11:13,17:28,0.58,0
843,Rau and Sons,Mexican,medium,Greenpoint,11:22,16:23,2.51,0
844,"Hegmann, Bogisich and Herman",Mediterranean,cheap,Greenpoint,9:07,14:27,4.8,1
845,Kris-Bailey,Greek,expensive,Bushwick,6:53,20:14,4.41,1
846,"Schinner, O'Kon and Pacocha",Chinese,medium,Astoria,8:12,21:25,0.28,1
847,Upton-Schneider,Indian,cheap,Hell's Kitchen,7:20,17:00,3.06,1
848,Kuhic LLC,Indian,medium,Chelsea,11:53,21:08,4.18,1
849,Casper-Morar,Thai,expensive,Harlem,11:21,18:44,4.73,1
850,"Schuppe, Kuhlman and Hettinger",Mexican,cheap,Upper East Side,11:57,22:54,4.22,0
851,Lowe-Lind,American,cheap,Park Slope,9:43,22:29,2.3,1
852,Kerluke-Hermann,Thai,cheap,Williamsburg,11:56,21:20,4.78,1
853,Bartell Group,Thai,medium,Bushwick,11:00,21:52,2.81,0
854,Bergstrom Group,Greek,medium,Park Slope,7:25,14:33,2.42,0
855,"Huel, Grant and Hayes",American,cheap,Hell's Kitchen,10:55,18:15,2.67,1
856,Blanda LLC,Thai,expensive,Harlem,10:04,18:01,3.75,0
857,"Thiel, Mayer and Pfeffer",Italian,expensive,Astoria,11:12,15:00,1.2,1
858,Adams-Flatley,Greek,cheap,Bushwick,6:52,21:22,0.78,0
859,Lemke Group,Indian,medium,Bushwick,8:08,17:16,1.53,0
860,Casper LLC,Mediterranean,cheap,Harlem,11:55,15:11,4.11,1
861,"Mills, Powlowski and Heidenreich",Mexican,expensive,Upper East Side,9:09,17:04,4.28,1
862,Gorczany and Sons,Thai,medium,Williamsburg,6:45,19:15,1.61,1
863,Frami and Sons,American,expensive,Bushwick,8:41,15:45,4.03,0
864,King LLC,Mexican,cheap,Astoria,11:30,22:47,1.21,1
865,"Kuhlman, Jacobs and Schulist",French,medium,Brooklyn,6:26,16:19,4.83,0
866,"Wuckert, Mitchell and Schowalter",Greek,cheap,Williamsburg,7:50,17:02,1.62,1
867,Wyman Group,Italian,cheap,Park Slope,7:17,16:51,0.8,0
868,Kuhic Group,Thai,cheap,Harlem,11:37,21:35,1.08,1
869,"Beier, Heller and Schuster",French,medium,Greenpoint,8:23,15:55,2.98,0
870,"Hoeger, Nikolaus and Kiehn",French,expensive,Harlem,11:44,14:41,2.25,1
871,Sauer and Sons,Thai,expensive,Harlem,7:56,15:11,3.85,1
872,Trantow Inc,Italian,cheap,Williamsburg,8:36,16:48,3.65,0
873,Bednar-Sipes,Indian,expensive,Hell's Kitchen,11:23,14:14,1.56,1
874,Rippin-Rutherford,Mexican,cheap,Williamsburg,11:08,15:24,3.34,0
875,Zemlak LLC,American,expensive,Hell's Kitchen,11:39,15:18,1.41,0
876,Jaskolski and Sons,American,cheap,Astoria,8:52,20:34,2.29,0
877,Wuckert LLC,American,expensive,Upper East Side,10:36,19:28,0.94,0
878,Bruen-Lubowitz,Japanese,cheap,Brooklyn,7:52,20:03,2.45,1
879,Runte and Sons,Chinese,expensive,Upper East Side,6:32,22:27,3.07,0
880,Sporer-Spencer,Mexican,expensive,Harlem,9:25,18:08,2.79,1
881,Gorczany-Kihn,Japanese,expensive,Astoria,10:11,20:43,1.54,1
882,"Wehner, Corkery and Homenick",Chinese,cheap,Chelsea,8:26,18:27,1.39,1
883,Tillman LLC,Greek,expensive,Brooklyn,11:56,17:03,1.19,1
884,Langworth Inc,Greek,expensive,Upper East Side,7:47,18:55,3.88,1
885,Schaden and Sons,Greek,medium,Hell's Kitchen,11:11,19:31,1.12,0
886,Schuster LLC,French,medium,Park Slope,9:01,15:06,1.75,1
887,"Fisher, Wiza and Lesch",American,medium,Park Slope,11:00,20:41,0.28,1
888,"Gislason, Buckridge and Murray",Italian,cheap,Greenpoint,9:36,22:54,0.09,0
889,Erdman Group,Mexican,cheap,Chelsea,10:38,22:01,1.52,1
890,Sipes and Sons,Italian,cheap,Astoria,8:48,19:13,2.37,0
891,"Bogisich, Douglas and Stokes",Italian,medium,Bushwick,8:36,23:14,2.35,1
892,"Gutkowski, Schulist and Runte",Thai,cheap,Williamsburg,6:50,21:50,2.15,1
893,"Maggio, Green and Robel",Greek,medium,Astoria,9:19,15:01,1.94,0
894,Kris Group,Indian,cheap,Chelsea,9:24,23:40,0.87,0
895,Berge and Sons,Italian,medium,Brooklyn,9:20,20:02,0.89,1
896,Vandervort-Rowe,Mediterranean,cheap,Bushwick,7:06,16:37,3.62,1
897,Keeling Group,Italian,cheap,Chelsea,6:23,17:13,2.8,0
898,"Swaniawski, Quitzon and Frami",Chinese,expensive,Park Slope,8:21,20:23,1.85,1
899,Hackett-Thiel,Greek,medium,Park Slope,6:28,19:40,2.83,1
900,"Jacobson, Cummings and O'Conner",Mediterranean,cheap,Astoria,7:51,22:10,0.25,1
901,"Quitzon, Goldner and Marvin",Indian,medium,Park Slope,11:17,21:14,1.51,1
902,Jacobs-Hackett,Italian,medium,Bushwick,7:40,17:06,3.06,1
903,Medhurst Inc,American,expensive,Hell's Kitchen,11:44,15:48,1.05,0
904,Bosco Inc,American,cheap,Hell's Kitchen,8:53,14:15,4.51,0
905,"Bosco, McGlynn and Schmeler",Italian,cheap,Hell's Kitchen,11:19,14:52,0.78,0
906,"Bednar, Crist and Luettgen",Japanese,cheap,Chelsea,8:01,22:10,2.54,1
907,"Lubowitz, Mohr and Reilly",Italian,expensive,Park Slope,6:48,22:42,2.17,0
908,Rolfson LLC,Greek,cheap,Park Slope,6:32,14:00,3.04,0
909,Durgan-Ferry,Mediterranean,expensive,Upper East Side,11:47,15:37,4.91,1
910,"Heidenreich, Cartwright and Greenholt",French,medium,Williamsburg,10:03,19:51,0.38,1
911,"Hackett, Leffler and Watsica",Mediterranean,cheap,Hell's Kitchen,9:17,23:14,4.0,0
912,"Smith, Reilly and Shanahan",Japanese,cheap,Hell's Kitchen,10:58,23:23,3.08,1
913,"Lesch, Gottlieb and Miller",Mexican,expensive,Chelsea,10:48,18:42,0.33,1
914,"Stracke, Gerlach and Terry",Thai,medium,Greenpoint,11:02,18:12,4.31,1
915,Homenick Inc,Indian,cheap,Upper East Side,11:09,17:04,3.3,0
916,"Greenholt, Cole and Boehm",Italian,cheap,Bushwick,9:52,15:51,3.76,1
917,Fritsch Group,Thai,medium,Park Slope,8:42,23:40,3.42,0
918,"Pfeffer, Greenholt and Rowe",Italian,cheap,Upper East Side,6:03,15:19,1.91,1
919,"Lebsack, Rath and Grant",Chinese,expensive,Bushwick,9:15,20:54,3.26,1
920,Grant and Sons,French,expensive,Chelsea,8:12,14:31,2.49,0
921,Hintz-Nienow,French,medium,Greenpoint,7:19,18:08,2.47,1
922,"Parisian, Stiedemann and Streich",Indian,expensive,Hell's Kitchen,7:13,22:01,1.1,1
923,Gorczany-Raynor,Chinese,expensive,Park Slope,7:35,14:29,3.4,0
924,"Thompson, Ullrich and Treutel",Mexican,medium,Hell's Kitchen,7:50,23:48,0.45,1
925,Labadie-Krajcik,Italian,medium,Bushwick,11:50,15:19,4.91,1
926,"Klein, Treutel and Gutkowski",Chinese,cheap,Brooklyn,11:27,23:10,2.96,0
927,Fritsch Inc,Mediterranean,medium,Bushwick,10:13,22:53,0.24,0
928,"Torp, Jerde and Spencer",French,expensive,Greenpoint,6:14,14:00,2.26,1
929,Schmeler LLC,French,expensive,Astoria,6:05,14:31,4.53,0
930,"Mueller, Keeling and Hoppe",American,expensive,Brooklyn,10:55,23:57,0.39,0
931,Stroman Group,Mediterranean,expensive,Brooklyn,7:33,19:40,0.13,1
932,Ernser Inc,Japanese,cheap,Williamsburg,8:26,18:19,4.3,0
933,Lebsack and Sons,American,cheap,Park Slope,11:08,19:35,3.84,1
934,Gusikowski-Becker,Mediterranean,cheap,Brooklyn,11:28,17:27,1.91,0
935,Toy-Hintz,American,expensive,Astoria,11:30,18:51,3.87,0
936,Cole-Kirlin,Greek,medium,Brooklyn,9:27,23:46,1.71,1
937,"Pacocha, McClure and Barrows",Indian,expensive,Harlem,9:27,21:13,1.45,1
938,"Douglas, O'Kon and Morissette",Greek,expensive,Park Slope,7:21,16:43,2.93,1
939,Osinski-Considine,Mexican,cheap,Brooklyn,6:03,16:08,2.0,1
940,"Welch, Greenfelder and Jenkins",Thai,cheap,Bushwick,6:28,23:46,2.44,1
941,Nolan Group,Italian,expensive,Brooklyn,11:22,18:36,0.99,0
942,"Stehr, Kutch and Koepp",Mediterranean,expensive,Chelsea,7:40,18:55,4.57,1
943,Ortiz and Sons,Mexican,cheap,Brooklyn,10:46,18:07,2.16,1
944,"Lesch, Willms and Spencer",Chinese,cheap,Park Slope,6:41,14:02,1.55,1
945,"O'Reilly, Cartwright and Murphy",Mediterranean,medium,Park Slope,11:12,20:34,4.56,1
946,Beahan-MacGyver,Japanese,cheap,Park Slope,10:24,20:31,3.47,0
947,Larson-O'Kon,Chinese,cheap,Astoria,9:31,14:57,0.18,0
948,"Reynolds, Waelchi and Senger",American,medium,Upper East Side,6:10,22:49,4.8,1
949,Kozey LLC,Chinese,medium,Greenpoint,8:21,23:26,1.02,1
950,"Rempel, Bode and Hickle",French,expensive,Hell's Kitchen,6:41,21:20,1.84,1
951,Kemmer-Quigley,French,expensive,Astoria,7:19,15:59,4.27,0
952,"Beier, Feest and Collier",Mexican,medium,Chelsea,6:36,14:12,2.6,0
953,Orn-Mante,Thai,medium,Hell's Kitchen,8:46,15:47,4.71,0
954,Bartoletti-Hermann,Chinese,cheap,Upper East Side,7:01,22:46,4.24,1
955,Stark-Runolfsdottir,Mexican,expensive,Park Slope,11:22,19:30,2.91,1
956,Ortiz-Spinka,Mediterranean,medium,Hell's Kitchen,9:48,20:17,3.77,1
957,"Nicolas, Howe and Grimes",French,cheap,Park Slope,8:54,22:22,1.36,1
958,"Botsford, Kunde and Bayer",Japanese,expensive,Brooklyn,9:36,19:23,0.13,1
959,"Strosin, Kris and Reynolds",Mediterranean,medium,Williamsburg,11:09,18:09,0.63,1
960,Flatley-Turcotte,Mexican,expensive,Harlem,6:32,14:45,1.15,0
961,"Blanda, Klocko and Gislason",Mexican,expensive,Bushwick,9:34,21:46,1.05,0
962,"Carter, Maggio and Murphy",Mediterranean,cheap,Williamsburg,10:30,18:48,1.73,0
963,"Raynor, Collier and Rohan",American,expensive,Upper East Side,6:34,17:59,1.46,1
964,Weimann-Dicki,French,expensive,Brooklyn,6:55,19:20,3.59,0
965,"Bednar, Fadel and Ebert",French,expensive,Bushwick,9:40,22:34,4.49,1
966,Hackett-Padberg,Greek,medium,Chelsea,7:41,15:29,4.97,1
967,Collins LLC,French,medium,Brooklyn,10:01,14:37,0.04,1
968,Maggio and Sons,French,cheap,Greenpoint,9:00,18:58,2.33,1
969,"West, Schoen and Emmerich",Mexican,medium,Brooklyn,9:24,21:19,4.52,0
970,"Wiza, Fahey and Dare",Mediterranean,medium,Upper East Side,7:08,20:33,4.67,0
971,Waelchi-Russel,Japanese,cheap,Williamsburg,8:05,16:58,2.48,0
972,Rau-Grimes,Japanese,medium,Harlem,9:24,16:45,0.68,0
973,Waters Inc,Mexican,medium,Brooklyn,7:29,14:58,0.12,1
974,Cruickshank-Thompson,American,cheap,Brooklyn,8:32,20:38,4.77,1
975,"Lind, Rippin and Lemke",Japanese,expensive,Chelsea,11:59,20:14,1.76,0
976,Windler Group,Mediterranean,cheap,Brooklyn,8:21,22:04,3.58,1
977,Ferry Group,Mediterranean,medium,Brooklyn,9:07,23:29,1.15,1
978,Greenfelder Inc,American,medium,Greenpoint,10:34,23:05,3.59,1
979,"Langosh, Hackett and Brekke",Mexican,cheap,Greenpoint,6:42,15:48,2.88,0
980,Schinner-Barrows,Chinese,medium,Williamsburg,10:05,17:03,3.45,1
981,Ryan Inc,Mexican,expensive,Hell's Kitchen,7:57,19:25,0.39,1
982,"Waters, Gutkowski and Moen",Italian,cheap,Upper East Side,9:26,16:22,2.74,0
983,"Kuphal, Braun and Zemlak",Thai,medium,Park Slope,7:21,20:56,3.92,1
984,Olson Inc,Thai,expensive,Park Slope,7:39,22:06,0.73,1
985,"Jacobson, Zemlak and Sanford",Thai,medium,Park Slope,6:31,21:59,2.51,0
986,"Bashirian, Friesen and Lubowitz",Thai,expensive,Park Slope,6:30,15:43,0.74,0
987,Ernser Group,Italian,expensive,Hell's Kitchen,7:24,14:32,4.14,1
988,"Schimmel, Kassulke and Harris",Chinese,cheap,Park Slope,9:09,16:50,4.88,1
989,Conroy Inc,American,expensive,Brooklyn,9:05,16:35,3.24,0
990,Willms-Pollich,Indian,cheap,Greenpoint,11:34,16:55,2.2,1
991,"Hintz, Hahn and Schamberger",Greek,expensive,Hell's Kitchen,9:48,23:33,2.53,1
992,Price Inc,Japanese,medium,Hell's Kitchen,6:18,19:31,2.21,1
993,Mante-Legros,Thai,cheap,Park Slope,11:47,22:49,2.46,1
994,Dietrich-Moen,Mexican,medium,Astoria,7:01,14:42,3.42,1
995,"Rolfson, McDermott and Kuhlman",Japanese,cheap,Park Slope,6:31,16:46,0.9,1
996,"Quitzon, Dicki and Tromp",French,cheap,Brooklyn,6:22,14:49,3.2,0
997,Swaniawski Inc,French,medium,Harlem,6:10,22:23,4.93,1
998,Cormier Group,Japanese,cheap,Chelsea,11:25,19:10,4.05,0
999,"Jast, Johnston and Lehner",Mediterranean,expensive,Harlem,8:03,14:31,3.81,0
1000,Johnston and Sons,American,cheap,Hell's Kitchen,10:20,16:07,0.62,0
